btc,btc_1,btc_2,btc_3,eth,eth_1,eth_2,eth_3,ltc,ltc_1,ltc_2,ltc_3,xrp,xrp_1,xrp_2,xrp_3
995.4,1017.0,1033.3,1135.4,8.2,8.37,9.74,11.0,4.51,4.56,4.55,4.55,0.00635,0.0063100000000000005,0.006409999999999999,0.006409999999999999
1017.0,1033.3,1135.4,989.3,8.37,9.74,11.0,10.15,4.56,4.55,4.55,4.23,0.0063100000000000005,0.006409999999999999,0.006409999999999999,0.00628
1033.3,1135.4,989.3,886.2,9.74,11.0,10.15,10.08,4.55,4.55,4.23,3.88,0.006409999999999999,0.006409999999999999,0.00628,0.006220000000000001
1135.4,989.3,886.2,888.9,11.0,10.15,10.08,9.84,4.55,4.23,3.88,3.98,0.006409999999999999,0.00628,0.006220000000000001,0.00636
989.3,886.2,888.9,900.9,10.15,10.08,9.84,10.28,4.23,3.88,3.98,4.03,0.00628,0.006220000000000001,0.00636,0.00625
886.2,888.9,900.9,899.8,10.08,9.84,10.28,10.26,3.88,3.98,4.03,4.39,0.006220000000000001,0.00636,0.00625,0.00618
888.9,900.9,899.8,904.4,9.84,10.28,10.26,10.61,3.98,4.03,4.39,4.67,0.00636,0.00625,0.00618,0.006809999999999999
900.9,899.8,904.4,785.4,10.28,10.26,10.61,9.79,4.03,4.39,4.67,4.02,0.00625,0.00618,0.006809999999999999,0.006540000000000001
899.8,904.4,785.4,810.1,10.26,10.61,9.79,9.83,4.39,4.67,4.02,4.0,0.00618,0.006809999999999999,0.006540000000000001,0.00636
904.4,785.4,810.1,824.8,10.61,9.79,9.83,9.67,4.67,4.02,4.0,3.97,0.006809999999999999,0.006540000000000001,0.00636,0.006670000000000001
785.4,810.1,824.8,819.6,9.79,9.83,9.67,9.67,4.02,4.0,3.97,4.0,0.006540000000000001,0.00636,0.006670000000000001,0.006790000000000001
810.1,824.8,819.6,821.2,9.83,9.67,9.67,9.81,4.0,3.97,4.0,3.96,0.00636,0.006670000000000001,0.006790000000000001,0.006809999999999999
824.8,819.6,821.2,827.3,9.67,9.67,9.81,9.61,3.97,4.0,3.96,3.88,0.006670000000000001,0.006790000000000001,0.006809999999999999,0.00678
819.6,821.2,827.3,899.7,9.67,9.81,9.61,10.12,4.0,3.96,3.88,3.93,0.006790000000000001,0.006809999999999999,0.00678,0.00683
821.2,827.3,899.7,872.0,9.81,9.61,10.12,10.19,3.96,3.88,3.93,3.89,0.006809999999999999,0.00678,0.00683,0.0068
827.3,899.7,872.0,895.2,9.61,10.12,10.19,10.38,3.88,3.93,3.89,3.88,0.00678,0.00683,0.0068,0.006840000000000001
899.7,872.0,895.2,892.9,10.12,10.19,10.38,10.62,3.93,3.89,3.88,3.88,0.00683,0.0068,0.006840000000000001,0.0066
872.0,895.2,892.9,919.8,10.19,10.38,10.62,10.95,3.89,3.88,3.88,3.92,0.0068,0.006840000000000001,0.0066,0.006840000000000001
895.2,892.9,919.8,918.8,10.38,10.62,10.95,10.64,3.88,3.88,3.92,3.86,0.006840000000000001,0.0066,0.006840000000000001,0.00678
892.9,919.8,918.8,921.5,10.62,10.95,10.64,10.77,3.88,3.92,3.86,3.85,0.0066,0.006840000000000001,0.00678,0.006690000000000001
919.8,918.8,921.5,893.8,10.95,10.64,10.77,10.5,3.92,3.86,3.85,3.76,0.006840000000000001,0.00678,0.006690000000000001,0.0065
918.8,921.5,893.8,894.4,10.64,10.77,10.5,10.48,3.86,3.85,3.76,3.69,0.00678,0.006690000000000001,0.0065,0.006490000000000001
921.5,893.8,894.4,915.6,10.77,10.5,10.48,10.63,3.85,3.76,3.69,3.86,0.006690000000000001,0.0065,0.006490000000000001,0.0063
893.8,894.4,915.6,918.0,10.5,10.48,10.63,10.5,3.76,3.69,3.86,3.9,0.0065,0.006490000000000001,0.0063,0.00636
894.4,915.6,918.0,918.5,10.48,10.63,10.5,10.51,3.69,3.86,3.9,3.87,0.006490000000000001,0.0063,0.00636,0.00639
915.6,918.0,918.5,914.5,10.63,10.5,10.51,10.46,3.86,3.9,3.87,3.88,0.0063,0.00636,0.00639,0.0063100000000000005
918.0,918.5,914.5,920.7,10.5,10.51,10.46,10.53,3.9,3.87,3.88,4.03,0.00636,0.00639,0.0063100000000000005,0.00645
918.5,914.5,920.7,965.5,10.51,10.46,10.53,10.71,3.87,3.88,4.03,4.07,0.00639,0.0063100000000000005,0.00645,0.006409999999999999
914.5,920.7,965.5,982.4,10.46,10.53,10.71,10.71,3.88,4.03,4.07,4.08,0.0063100000000000005,0.00645,0.006409999999999999,0.006490000000000001
920.7,965.5,982.4,1004.0,10.53,10.71,10.71,10.8,4.03,4.07,4.08,4.09,0.00645,0.006409999999999999,0.006490000000000001,0.0064
965.5,982.4,1004.0,1013.0,10.71,10.71,10.8,10.93,4.07,4.08,4.09,4.06,0.006409999999999999,0.006490000000000001,0.0064,0.006379999999999999
982.4,1004.0,1013.0,1031.8,10.71,10.8,10.93,11.32,4.08,4.09,4.06,4.02,0.006490000000000001,0.0064,0.006379999999999999,0.00644
1004.0,1013.0,1031.8,1016.1,10.8,10.93,11.32,11.18,4.09,4.06,4.02,3.97,0.0064,0.006379999999999999,0.00644,0.00629
1013.0,1031.8,1016.1,1024.7,10.93,11.32,11.18,11.32,4.06,4.02,3.97,3.97,0.006379999999999999,0.00644,0.00629,0.006379999999999999
1031.8,1016.1,1024.7,1049.6,11.32,11.18,11.32,11.41,4.02,3.97,3.97,3.98,0.00644,0.00629,0.006379999999999999,0.006409999999999999
1016.1,1024.7,1049.6,1055.5,11.18,11.32,11.41,11.35,3.97,3.97,3.98,3.96,0.00629,0.006379999999999999,0.006409999999999999,0.00635
1024.7,1049.6,1055.5,979.0,11.32,11.41,11.35,10.9,3.97,3.98,3.96,3.76,0.006379999999999999,0.006409999999999999,0.00635,0.00628
1049.6,1055.5,979.0,997.6,11.41,11.35,10.9,11.3,3.98,3.96,3.76,3.83,0.006409999999999999,0.00635,0.00628,0.0063100000000000005
1055.5,979.0,997.6,1008.3,11.35,10.9,11.3,11.33,3.96,3.76,3.83,3.84,0.00635,0.00628,0.0063100000000000005,0.006379999999999999
979.0,997.6,1008.3,996.5,10.9,11.3,11.33,11.26,3.76,3.83,3.84,3.8,0.00628,0.0063100000000000005,0.006379999999999999,0.00627
997.6,1008.3,996.5,995.4,11.3,11.33,11.26,11.35,3.83,3.84,3.8,3.78,0.0063100000000000005,0.006379999999999999,0.00627,0.00624
1008.3,996.5,995.4,1008.3,11.33,11.26,11.35,12.96,3.84,3.8,3.78,3.82,0.006379999999999999,0.00627,0.00624,0.006220000000000001
996.5,995.4,1008.3,1008.2,11.26,11.35,12.96,12.92,3.8,3.78,3.82,3.89,0.00627,0.00624,0.006220000000000001,0.0061
995.4,1008.3,1008.2,1031.9,11.35,12.96,12.92,12.92,3.78,3.82,3.89,3.86,0.00624,0.006220000000000001,0.0061,0.0059299999999999995
1008.3,1008.2,1031.9,1049.4,12.96,12.92,12.92,12.76,3.82,3.89,3.86,3.91,0.006220000000000001,0.0061,0.0059299999999999995,0.00587
1008.2,1031.9,1049.4,1052.3,12.92,12.92,12.76,12.79,3.89,3.86,3.91,3.84,0.0061,0.0059299999999999995,0.00587,0.00554
1031.9,1049.4,1052.3,1048.9,12.92,12.76,12.79,12.8,3.86,3.91,3.84,3.81,0.0059299999999999995,0.00587,0.00554,0.00591
1049.4,1052.3,1048.9,1077.6,12.76,12.79,12.8,12.4,3.91,3.84,3.81,3.81,0.00587,0.00554,0.00591,0.00596
1052.3,1048.9,1077.6,1119.0,12.79,12.8,12.4,12.82,3.84,3.81,3.81,3.85,0.00554,0.00591,0.00596,0.00585
1048.9,1077.6,1119.0,1120.5,12.8,12.4,12.82,12.68,3.81,3.81,3.85,3.89,0.00591,0.00596,0.00585,0.00583
1077.6,1119.0,1120.5,1171.9,12.4,12.82,12.68,13.27,3.81,3.85,3.89,3.9,0.00596,0.00585,0.00583,0.00585
1119.0,1120.5,1171.9,1176.5,12.82,12.68,13.27,13.11,3.85,3.89,3.9,3.95,0.00585,0.00583,0.00585,0.0056
1120.5,1171.9,1176.5,1149.1,12.68,13.27,13.11,13.55,3.89,3.9,3.95,3.9,0.00583,0.00585,0.0056,0.00563
1171.9,1176.5,1149.1,1171.6,13.27,13.11,13.55,14.57,3.9,3.95,3.9,3.89,0.00585,0.0056,0.00563,0.0057
1176.5,1149.1,1171.6,1188.8,13.11,13.55,14.57,15.5,3.95,3.9,3.89,3.87,0.0056,0.00563,0.0057,0.00556
1149.1,1171.6,1188.8,1189.3,13.55,14.57,15.5,15.86,3.9,3.89,3.87,3.85,0.00563,0.0057,0.00556,0.00557
1171.6,1188.8,1189.3,1222.7,14.57,15.5,15.86,17.43,3.89,3.87,3.85,3.86,0.0057,0.00556,0.00557,0.00539
1188.8,1189.3,1222.7,1255.5,15.5,15.86,17.43,19.02,3.87,3.85,3.86,4.04,0.00556,0.00557,0.00539,0.00606
1189.3,1222.7,1255.5,1283.3,15.86,17.43,19.02,19.49,3.85,3.86,4.04,4.07,0.00557,0.00539,0.00606,0.006490000000000001
1222.7,1255.5,1283.3,1264.3,17.43,19.02,19.49,18.5,3.86,4.04,4.07,4.04,0.00539,0.00606,0.006490000000000001,0.0062
1255.5,1283.3,1264.3,1271.2,19.02,19.49,18.5,19.35,4.04,4.07,4.04,4.02,0.00606,0.006490000000000001,0.0062,0.00604
1283.3,1264.3,1271.2,1277.0,19.49,18.5,19.35,19.51,4.07,4.04,4.02,4.1,0.006490000000000001,0.0062,0.00604,0.00604
1264.3,1271.2,1277.0,1232.7,18.5,19.35,19.51,18.88,4.04,4.02,4.1,3.99,0.0062,0.00604,0.00604,0.00673
1271.2,1277.0,1232.7,1147.0,19.35,19.51,18.88,16.51,4.02,4.1,3.99,3.86,0.00604,0.00604,0.00673,0.0065
1277.0,1232.7,1147.0,1191.3,19.51,18.88,16.51,17.75,4.1,3.99,3.86,3.92,0.00604,0.00673,0.0065,0.00648
1232.7,1147.0,1191.3,1112.4,18.88,16.51,17.75,19.18,3.99,3.86,3.92,3.8,0.00673,0.0065,0.00648,0.00617
1147.0,1191.3,1112.4,1179.2,16.51,17.75,19.18,21.3,3.86,3.92,3.8,3.82,0.0065,0.00648,0.00617,0.00625
1191.3,1112.4,1179.2,1225.1,17.75,19.18,21.3,23.2,3.92,3.8,3.82,3.94,0.00648,0.00617,0.00625,0.00632
1112.4,1179.2,1225.1,1238.2,19.18,21.3,23.2,28.4,3.8,3.82,3.94,4.4,0.00617,0.00625,0.00632,0.00644
1179.2,1225.1,1238.2,1243.1,21.3,23.2,28.4,28.66,3.82,3.94,4.4,4.19,0.00625,0.00632,0.00644,0.00639
1225.1,1238.2,1243.1,1253.4,23.2,28.4,28.66,34.8,3.94,4.4,4.19,4.33,0.00632,0.00644,0.00639,0.00625
1238.2,1243.1,1253.4,1172.9,28.4,28.66,34.8,45.07,4.4,4.19,4.33,4.31,0.00644,0.00639,0.00625,0.0063
1243.1,1253.4,1172.9,1071.7,28.66,34.8,45.07,44.65,4.19,4.33,4.31,4.12,0.00639,0.00625,0.0063,0.0059700000000000005
1253.4,1172.9,1071.7,971.4,34.8,45.07,44.65,34.2,4.33,4.31,4.12,4.02,0.00625,0.0063,0.0059700000000000005,0.00688
1172.9,1071.7,971.4,1022.6,45.07,44.65,34.2,43.17,4.31,4.12,4.02,3.93,0.0063,0.0059700000000000005,0.00688,0.006690000000000001
1071.7,971.4,1022.6,1047.5,44.65,34.2,43.17,42.06,4.12,4.02,3.93,4.18,0.0059700000000000005,0.00688,0.006690000000000001,0.0069
971.4,1022.6,1047.5,1121.3,34.2,43.17,42.06,42.45,4.02,3.93,4.18,4.04,0.00688,0.006690000000000001,0.0069,0.0068200000000000005
1022.6,1047.5,1121.3,1044.7,43.17,42.06,42.45,41.46,3.93,4.18,4.04,3.94,0.006690000000000001,0.0069,0.0068200000000000005,0.00719
1047.5,1121.3,1044.7,1035.0,42.06,42.45,41.46,43.14,4.18,4.04,3.94,3.96,0.0069,0.0068200000000000005,0.00719,0.011000000000000001
1121.3,1044.7,1035.0,939.7,42.45,41.46,43.14,54.01,4.04,3.94,3.96,4.11,0.0068200000000000005,0.00719,0.011000000000000001,0.010620000000000001
1044.7,1035.0,939.7,966.3,41.46,43.14,54.01,50.75,3.94,3.96,4.11,4.09,0.00719,0.011000000000000001,0.010620000000000001,0.008879999999999999
1035.0,939.7,966.3,969.4,43.14,54.01,50.75,50.46,3.96,4.11,4.09,4.1,0.011000000000000001,0.010620000000000001,0.008879999999999999,0.00937
939.7,966.3,969.4,1045.1,54.01,50.75,50.46,48.93,4.11,4.09,4.1,4.08,0.010620000000000001,0.008879999999999999,0.00937,0.00943
966.3,969.4,1045.1,1044.4,50.75,50.46,48.93,50.16,4.09,4.1,4.08,4.2,0.008879999999999999,0.00937,0.00943,0.00955
969.4,1045.1,1044.4,1041.9,50.46,48.93,50.16,52.88,4.1,4.08,4.2,4.3,0.00937,0.00943,0.00955,0.01015
1045.1,1044.4,1041.9,1037.9,48.93,50.16,52.88,51.62,4.08,4.2,4.3,7.89,0.00943,0.00955,0.01015,0.01383
1044.4,1041.9,1037.9,1079.1,50.16,52.88,51.62,49.72,4.2,4.3,7.89,7.25,0.00955,0.01015,0.01383,0.0214
1041.9,1037.9,1079.1,1086.1,52.88,51.62,49.72,50.59,4.3,7.89,7.25,7.61,0.01015,0.01383,0.0214,0.022000000000000002
1037.9,1079.1,1086.1,1097.4,51.62,49.72,50.59,48.6,7.89,7.25,7.61,8.34,0.01383,0.0214,0.022000000000000002,0.0615
1079.1,1086.1,1097.4,1147.6,49.72,50.59,48.6,44.28,7.25,7.61,8.34,8.61,0.0214,0.022000000000000002,0.0615,0.032010000000000004
1086.1,1097.4,1147.6,1141.8,50.59,48.6,44.28,44.41,7.61,8.34,8.61,9.15,0.022000000000000002,0.0615,0.032010000000000004,0.03787
1097.4,1147.6,1141.8,1129.9,48.6,44.28,44.41,45.35,8.34,8.61,9.15,13.0,0.0615,0.032010000000000004,0.03787,0.03559
1147.6,1141.8,1129.9,1188.7,44.28,44.41,45.35,43.11,8.61,9.15,13.0,10.87,0.032010000000000004,0.03787,0.03559,0.0332
1141.8,1129.9,1188.7,1190.5,44.41,45.35,43.11,42.25,9.15,13.0,10.87,9.89,0.03787,0.03559,0.0332,0.03715
1129.9,1188.7,1190.5,1180.8,45.35,43.11,42.25,44.51,13.0,10.87,9.89,10.79,0.03559,0.0332,0.03715,0.03575
1188.7,1190.5,1180.8,1204.3,43.11,42.25,44.51,43.94,10.87,9.89,10.79,9.26,0.0332,0.03715,0.03575,0.034210000000000004
1190.5,1180.8,1204.3,1206.7,42.25,44.51,43.94,44.17,9.89,10.79,9.26,9.87,0.03715,0.03575,0.034210000000000004,0.03404
1180.8,1204.3,1206.7,1220.7,44.51,43.94,44.17,44.21,10.79,9.26,9.87,9.71,0.03575,0.034210000000000004,0.03404,0.03316
1204.3,1206.7,1220.7,1212.5,43.94,44.17,44.21,46.85,9.26,9.87,9.71,11.69,0.034210000000000004,0.03404,0.03316,0.03455
1206.7,1220.7,1212.5,1176.2,44.17,44.21,46.85,50.65,9.87,9.71,11.69,11.05,0.03404,0.03316,0.03455,0.03422
1220.7,1212.5,1176.2,1177.3,44.21,46.85,50.65,48.5,9.71,11.69,11.05,11.61,0.03316,0.03455,0.03422,0.03348
1212.5,1176.2,1177.3,1177.0,46.85,50.65,48.5,49.71,11.69,11.05,11.61,11.69,0.03455,0.03422,0.03348,0.03381
1176.2,1177.3,1177.0,1176.8,50.65,48.5,49.71,49.58,11.05,11.61,11.69,11.7,0.03422,0.03348,0.03381,0.03306
1177.3,1177.0,1176.8,1194.0,48.5,49.71,49.58,49.52,11.61,11.69,11.7,11.15,0.03348,0.03381,0.03306,0.03333
1177.0,1176.8,1194.0,1206.1,49.71,49.58,49.52,52.42,11.69,11.7,11.15,10.95,0.03381,0.03306,0.03333,0.03281
1176.8,1194.0,1206.1,1215.2,49.58,49.52,52.42,49.66,11.7,11.15,10.95,10.21,0.03306,0.03333,0.03281,0.03035
1194.0,1206.1,1215.2,1238.1,49.52,52.42,49.66,51.96,11.15,10.95,10.21,10.99,0.03333,0.03281,0.03035,0.02999
1206.1,1215.2,1238.1,1249.6,52.42,49.66,51.96,51.37,10.95,10.21,10.99,12.12,0.03281,0.03035,0.02999,0.03355
1215.2,1238.1,1249.6,1240.9,49.66,51.96,51.37,52.15,10.21,10.99,12.12,14.35,0.03035,0.02999,0.03355,0.0316
1238.1,1249.6,1240.9,1249.1,51.96,51.37,52.15,53.33,10.99,12.12,14.35,15.38,0.02999,0.03355,0.0316,0.03141
1249.6,1240.9,1249.1,1248.2,51.37,52.15,53.33,53.54,12.12,14.35,15.38,15.07,0.03355,0.0316,0.03141,0.03151
1240.9,1249.1,1248.2,1264.3,52.15,53.33,53.54,53.9,14.35,15.38,15.07,15.53,0.0316,0.03141,0.03151,0.03224
1249.1,1248.2,1264.3,1286.6,53.33,53.54,53.9,57.31,15.38,15.07,15.53,15.09,0.03141,0.03151,0.03224,0.03275
1248.2,1264.3,1286.6,1332.9,53.54,53.9,57.31,68.0,15.07,15.53,15.09,14.98,0.03151,0.03224,0.03275,0.035230000000000004
1264.3,1286.6,1332.9,1329.6,53.9,57.31,68.0,76.0,15.53,15.09,14.98,14.75,0.03224,0.03275,0.035230000000000004,0.045
1286.6,1332.9,1329.6,1336.3,57.31,68.0,76.0,73.55,15.09,14.98,14.75,16.34,0.03275,0.035230000000000004,0.045,0.053829999999999996
1332.9,1329.6,1336.3,1351.9,68.0,76.0,73.55,83.51,14.98,14.75,16.34,16.2,0.035230000000000004,0.045,0.053829999999999996,0.05218
1329.6,1336.3,1351.9,1415.8,76.0,73.55,83.51,81.4,14.75,16.34,16.2,16.47,0.045,0.053829999999999996,0.05218,0.053829999999999996
1336.3,1351.9,1415.8,1445.9,73.55,83.51,81.4,82.01,16.34,16.2,16.47,16.24,0.053829999999999996,0.05218,0.053829999999999996,0.05382000000000001
1351.9,1415.8,1445.9,1485.6,83.51,81.4,82.01,85.79,16.2,16.47,16.24,22.01,0.05218,0.053829999999999996,0.05382000000000001,0.061079999999999995
1415.8,1445.9,1485.6,1516.8,81.4,82.01,85.79,99.2,16.47,16.24,22.01,24.16,0.053829999999999996,0.05382000000000001,0.061079999999999995,0.08
1445.9,1485.6,1516.8,1507.8,82.01,85.79,99.2,91.5,16.24,22.01,24.16,26.33,0.05382000000000001,0.061079999999999995,0.08,0.09139
1485.6,1516.8,1507.8,1545.3,85.79,99.2,91.5,96.65,22.01,24.16,26.33,28.43,0.061079999999999995,0.08,0.09139,0.1001
1516.8,1507.8,1545.3,1554.4,99.2,91.5,96.65,94.21,24.16,26.33,28.43,30.62,0.08,0.09139,0.1001,0.1391
1507.8,1545.3,1554.4,1664.5,91.5,96.65,94.21,88.97,26.33,28.43,30.62,28.86,0.09139,0.1001,0.1391,0.1917
1545.3,1554.4,1664.5,1697.5,96.65,94.21,88.97,88.94,28.43,30.62,28.86,33.2,0.1001,0.1391,0.1917,0.1564
1554.4,1664.5,1697.5,1752.3,94.21,88.97,88.94,88.33,30.62,28.86,33.2,32.85,0.1391,0.1917,0.1564,0.187
1664.5,1697.5,1752.3,1819.3,88.97,88.94,88.33,89.38,28.86,33.2,32.85,30.69,0.1917,0.1564,0.187,0.1837
1697.5,1752.3,1819.3,1686.4,88.94,88.33,89.38,86.99,33.2,32.85,30.69,27.21,0.1564,0.187,0.1837,0.2069
1752.3,1819.3,1686.4,1763.7,88.33,89.38,86.99,89.9,32.85,30.69,27.21,29.09,0.187,0.1837,0.2069,0.2102
1819.3,1686.4,1763.7,1772.6,89.38,86.99,89.9,90.37,30.69,27.21,29.09,28.9,0.1837,0.2069,0.2102,0.2171
1686.4,1763.7,1772.6,1708.9,86.99,89.9,90.37,92.56,27.21,29.09,28.9,25.61,0.2069,0.2102,0.2171,0.2631
1763.7,1772.6,1708.9,1729.3,89.9,90.37,92.56,88.17,29.09,28.9,25.61,23.6,0.2102,0.2171,0.2631,0.325
1772.6,1708.9,1729.3,1801.3,90.37,92.56,88.17,89.67,28.9,25.61,23.6,25.3,0.2171,0.2631,0.325,0.375
1708.9,1729.3,1801.3,1881.0,92.56,88.17,89.67,98.6,25.61,23.6,25.3,28.58,0.2631,0.325,0.375,0.3575
1729.3,1801.3,1881.0,1962.0,88.17,89.67,98.6,124.4,23.6,25.3,28.58,27.55,0.325,0.375,0.3575,0.3224
1801.3,1881.0,1962.0,2040.2,89.67,98.6,124.4,123.03,25.3,28.58,27.55,27.34,0.375,0.3575,0.3224,0.3449
1881.0,1962.0,2040.2,2044.2,98.6,124.4,123.03,146.14,28.58,27.55,27.34,25.92,0.3575,0.3224,0.3449,0.324
1962.0,2040.2,2044.2,2124.4,124.4,123.03,146.14,154.92,27.55,27.34,25.92,24.71,0.3224,0.3449,0.324,0.2988
2040.2,2044.2,2124.4,2272.6,123.03,146.14,154.92,168.24,27.34,25.92,24.71,31.06,0.3449,0.324,0.2988,0.3229
2044.2,2124.4,2272.6,2445.3,146.14,154.92,168.24,183.88,25.92,24.71,31.06,34.31,0.324,0.2988,0.3229,0.29
2124.4,2272.6,2445.3,2307.2,154.92,168.24,183.88,168.71,24.71,31.06,34.31,29.64,0.2988,0.3229,0.29,0.24
2272.6,2445.3,2307.2,2244.9,168.24,183.88,168.71,152.8,31.06,34.31,29.64,25.93,0.3229,0.29,0.24,0.276
2445.3,2307.2,2244.9,2052.4,183.88,168.71,152.8,149.99,34.31,29.64,25.93,23.5,0.29,0.24,0.276,0.21
2307.2,2244.9,2052.4,2189.0,168.71,152.8,149.99,161.91,29.64,25.93,23.5,24.73,0.24,0.276,0.21,0.2281
2244.9,2052.4,2189.0,2278.2,152.8,149.99,161.91,189.99,25.93,23.5,24.73,25.77,0.276,0.21,0.2281,0.2324
2052.4,2189.0,2278.2,2192.6,149.99,161.91,189.99,224.69,23.5,24.73,25.77,24.11,0.21,0.2281,0.2324,0.2042
2189.0,2278.2,2192.6,2303.3,161.91,189.99,224.69,218.34,24.73,25.77,24.11,25.88,0.2281,0.2324,0.2042,0.2475
2278.2,2192.6,2303.3,2412.6,189.99,224.69,218.34,211.4,25.77,24.11,25.88,27.74,0.2324,0.2042,0.2475,0.3364
2192.6,2303.3,2412.6,2492.6,224.69,218.34,211.4,214.77,24.11,25.88,27.74,27.9,0.2042,0.2475,0.3364,0.2959
2303.3,2412.6,2492.6,2545.4,218.34,211.4,214.77,217.01,25.88,27.74,27.9,27.4,0.2475,0.3364,0.2959,0.2921
2412.6,2492.6,2545.4,2524.1,211.4,214.77,217.01,241.06,27.74,27.9,27.4,27.79,0.3364,0.2959,0.2921,0.2941
2492.6,2545.4,2524.1,2705.0,214.77,217.01,241.06,242.16,27.9,27.4,27.79,30.7,0.2959,0.2921,0.2941,0.2888
2545.4,2524.1,2705.0,2870.5,217.01,241.06,242.16,261.89,27.4,27.79,30.7,30.1,0.2921,0.2941,0.2888,0.284
2524.1,2705.0,2870.5,2691.5,241.06,242.16,261.89,250.7,27.79,30.7,30.1,28.6,0.2941,0.2888,0.284,0.2762
2705.0,2870.5,2691.5,2798.8,242.16,261.89,250.7,256.95,30.7,30.1,28.6,30.08,0.2888,0.284,0.2762,0.2869
2870.5,2691.5,2798.8,2811.4,261.89,250.7,256.95,278.41,30.1,28.6,30.08,29.56,0.284,0.2762,0.2869,0.2814
2691.5,2798.8,2811.4,2900.3,250.7,256.95,278.41,325.88,28.6,30.08,29.56,30.13,0.2762,0.2869,0.2814,0.2598
2798.8,2811.4,2900.3,2973.4,256.95,278.41,325.88,336.33,30.08,29.56,30.13,34.04,0.2869,0.2814,0.2598,0.2701
2811.4,2900.3,2973.4,2656.8,278.41,325.88,336.33,386.9,29.56,30.13,34.04,29.06,0.2814,0.2598,0.2701,0.2467
2900.3,2973.4,2656.8,2713.0,325.88,336.33,386.9,382.7,30.13,34.04,29.06,30.32,0.2598,0.2701,0.2467,0.2626
2973.4,2656.8,2713.0,2467.3,336.33,386.9,382.7,335.95,34.04,29.06,30.32,28.81,0.2701,0.2467,0.2626,0.2623
2656.8,2713.0,2467.3,2442.5,386.9,382.7,335.95,338.7,29.06,30.32,28.81,28.97,0.2467,0.2626,0.2623,0.245
2713.0,2467.3,2442.5,2508.6,382.7,335.95,338.7,348.44,30.32,28.81,28.97,33.89,0.2626,0.2623,0.245,0.2506
2467.3,2442.5,2508.6,2655.1,335.95,338.7,348.44,364.56,28.81,28.97,33.89,46.01,0.2623,0.245,0.2506,0.2597
2442.5,2508.6,2655.1,2539.6,338.7,348.44,364.56,348.88,28.97,33.89,46.01,43.66,0.245,0.2506,0.2597,0.2651
2508.6,2655.1,2539.6,2616.8,348.44,364.56,348.88,355.5,33.89,46.01,43.66,47.63,0.2506,0.2597,0.2651,0.281
2655.1,2539.6,2616.8,2754.4,364.56,348.88,355.5,344.15,46.01,43.66,47.63,45.63,0.2597,0.2651,0.281,0.308
2539.6,2616.8,2754.4,2677.6,348.88,355.5,344.15,321.66,43.66,47.63,45.63,44.0,0.2651,0.281,0.308,0.2726
2616.8,2754.4,2677.6,2722.8,355.5,344.15,321.66,320.94,47.63,45.63,44.0,45.98,0.281,0.308,0.2726,0.2779
2754.4,2677.6,2722.8,2710.4,344.15,321.66,320.94,324.37,45.63,44.0,45.98,46.03,0.308,0.2726,0.2779,0.2916
2677.6,2722.8,2710.4,2590.1,321.66,320.94,324.37,296.89,44.0,45.98,46.03,43.05,0.2726,0.2779,0.2916,0.2775
2722.8,2710.4,2590.1,2541.6,320.94,324.37,296.89,277.0,45.98,46.03,43.05,40.8,0.2779,0.2916,0.2775,0.2577
2710.4,2590.1,2541.6,2446.1,324.37,296.89,277.0,251.3,46.03,43.05,40.8,38.15,0.2916,0.2775,0.2577,0.2461
2590.1,2541.6,2446.1,2583.8,296.89,277.0,251.3,279.0,43.05,40.8,38.15,40.5,0.2775,0.2577,0.2461,0.2618
2541.6,2446.1,2583.8,2577.7,277.0,251.3,279.0,311.62,40.8,38.15,40.5,42.0,0.2577,0.2461,0.2618,0.2686
2446.1,2583.8,2577.7,2558.4,251.3,279.0,311.62,285.3,38.15,40.5,42.0,40.2,0.2461,0.2618,0.2686,0.2561
2583.8,2577.7,2558.4,2480.6,279.0,311.62,285.3,275.62,40.5,42.0,40.2,39.49,0.2618,0.2686,0.2561,0.2466
2577.7,2558.4,2480.6,2424.6,311.62,285.3,275.62,255.0,42.0,40.2,39.49,38.37,0.2686,0.2561,0.2466,0.2386
2558.4,2480.6,2424.6,2536.5,285.3,275.62,255.0,277.64,40.2,39.49,38.37,41.59,0.2561,0.2466,0.2386,0.2537
2480.6,2424.6,2536.5,2572.5,275.62,255.0,277.64,273.99,39.49,38.37,41.59,45.51,0.2466,0.2386,0.2537,0.2523
2424.6,2536.5,2572.5,2617.3,255.0,277.64,273.99,266.68,38.37,41.59,45.51,54.89,0.2386,0.2537,0.2523,0.2473
2536.5,2572.5,2617.3,2627.9,277.64,273.99,266.68,264.77,41.59,45.51,54.89,53.4,0.2537,0.2523,0.2473,0.252
2572.5,2617.3,2627.9,2614.2,273.99,266.68,264.77,265.35,45.51,54.89,53.4,51.2,0.2523,0.2473,0.252,0.2506
2617.3,2627.9,2614.2,2513.9,266.68,264.77,265.35,238.38,54.89,53.4,51.2,46.21,0.2473,0.252,0.2506,0.2303
2627.9,2614.2,2513.9,2564.9,264.77,265.35,238.38,245.23,53.4,51.2,46.21,51.27,0.252,0.2506,0.2303,0.23
2614.2,2513.9,2564.9,2511.4,265.35,238.38,245.23,234.97,51.2,46.21,51.27,48.76,0.2506,0.2303,0.23,0.2261
2513.9,2564.9,2511.4,2344.0,238.38,245.23,234.97,202.0,46.21,51.27,48.76,44.74,0.2303,0.23,0.2261,0.1883
2564.9,2511.4,2344.0,2324.3,245.23,234.97,202.0,188.63,51.27,48.76,44.74,43.92,0.23,0.2261,0.1883,0.1778
2511.4,2344.0,2324.3,2403.1,234.97,202.0,188.63,223.92,48.76,44.74,43.92,47.0,0.2261,0.1883,0.1778,0.1958
2344.0,2324.3,2403.1,2362.4,202.0,188.63,223.92,205.0,44.74,43.92,47.0,45.48,0.1883,0.1778,0.1958,0.1925
2324.3,2403.1,2362.4,2234.2,188.63,223.92,205.0,196.49,43.92,47.0,45.48,42.78,0.1778,0.1958,0.1925,0.1843
2403.1,2362.4,2234.2,1975.1,223.92,205.0,196.49,170.15,47.0,45.48,42.78,38.14,0.1958,0.1925,0.1843,0.172
2362.4,2234.2,1975.1,1914.1,205.0,196.49,170.15,157.4,45.48,42.78,38.14,40.69,0.1925,0.1843,0.172,0.1461
2234.2,1975.1,1914.1,2233.4,196.49,170.15,157.4,190.16,42.78,38.14,40.69,42.36,0.1843,0.172,0.1461,0.1723
1975.1,1914.1,2233.4,2320.2,170.15,157.4,190.16,226.56,38.14,40.69,42.36,43.5,0.172,0.1461,0.1723,0.1788
1914.1,2233.4,2320.2,2282.6,157.4,190.16,226.56,194.63,40.69,42.36,43.5,40.19,0.1461,0.1723,0.1788,0.163
2233.4,2320.2,2282.6,2866.0,190.16,226.56,194.63,227.29,42.36,43.5,40.19,44.72,0.1723,0.1788,0.163,0.1925
2320.2,2282.6,2866.0,2675.1,226.56,194.63,227.29,216.11,43.5,40.19,44.72,45.4,0.1788,0.163,0.1925,0.1835
2282.6,2866.0,2675.1,2836.5,194.63,227.29,216.11,232.01,40.19,44.72,45.4,46.7,0.163,0.1925,0.1835,0.1977
2866.0,2675.1,2836.5,2756.6,227.29,216.11,232.01,228.15,44.72,45.4,46.7,45.23,0.1925,0.1835,0.1977,0.1966
2675.1,2836.5,2756.6,2763.4,216.11,232.01,228.15,226.59,45.4,46.7,45.23,45.01,0.1835,0.1977,0.1966,0.1915
2836.5,2756.6,2763.4,2582.6,232.01,228.15,226.59,202.7,46.7,45.23,45.01,42.21,0.1977,0.1966,0.1915,0.1744
2756.6,2763.4,2582.6,2559.2,228.15,226.59,202.7,203.33,45.23,45.01,42.21,41.99,0.1966,0.1915,0.1744,0.1723
2763.4,2582.6,2559.2,2691.9,226.59,202.7,203.33,202.54,45.01,42.21,41.99,41.87,0.1915,0.1744,0.1723,0.1725
2582.6,2559.2,2691.9,2806.8,202.7,203.33,202.54,191.2,42.21,41.99,41.87,40.35,0.1744,0.1723,0.1725,0.1633
2559.2,2691.9,2806.8,2733.5,203.33,202.54,191.2,206.76,41.99,41.87,40.35,41.01,0.1723,0.1725,0.1633,0.16899999999999998
2691.9,2806.8,2733.5,2766.5,202.54,191.2,206.76,195.31,41.87,40.35,41.01,40.82,0.1725,0.1633,0.16899999999999998,0.1633
2806.8,2733.5,2766.5,2883.3,191.2,206.76,195.31,200.81,40.35,41.01,40.82,42.27,0.1633,0.16899999999999998,0.1633,0.1648
2733.5,2766.5,2883.3,2747.0,206.76,195.31,200.81,225.97,41.01,40.82,42.27,43.18,0.16899999999999998,0.1633,0.1648,0.1776
2766.5,2883.3,2747.0,2720.5,195.31,200.81,225.97,218.0,40.82,42.27,43.18,41.82,0.1633,0.1648,0.1776,0.1709
2883.3,2747.0,2720.5,2810.0,200.81,225.97,218.0,224.79,42.27,43.18,41.82,42.49,0.1648,0.1776,0.1709,0.1748
2747.0,2720.5,2810.0,2878.5,225.97,218.0,224.79,220.73,43.18,41.82,42.49,43.07,0.1776,0.1709,0.1748,0.1744
2720.5,2810.0,2878.5,3262.8,218.0,224.79,220.73,253.87,41.82,42.49,43.07,45.85,0.1709,0.1748,0.1744,0.1848
2810.0,2878.5,3262.8,3232.0,224.79,220.73,253.87,264.29,42.49,43.07,45.85,45.33,0.1748,0.1744,0.1848,0.1802
2878.5,3262.8,3232.0,3401.9,220.73,253.87,264.29,269.51,43.07,45.85,45.33,45.99,0.1744,0.1848,0.1802,0.1782
3262.8,3232.0,3401.9,3429.4,253.87,264.29,269.51,295.83,45.85,45.33,45.99,49.06,0.1848,0.1802,0.1782,0.1967
3232.0,3401.9,3429.4,3348.8,264.29,269.51,295.83,293.99,45.33,45.99,49.06,47.69,0.1802,0.1782,0.1967,0.1841
3401.9,3429.4,3348.8,3425.7,269.51,295.83,293.99,295.97,45.99,49.06,47.69,47.2,0.1782,0.1967,0.1841,0.1809
3429.4,3348.8,3425.7,3654.4,295.83,293.99,295.97,308.81,49.06,47.69,47.2,47.08,0.1967,0.1841,0.1809,0.1778
3348.8,3425.7,3654.4,3871.6,293.99,295.97,308.81,307.22,47.69,47.2,47.08,46.33,0.1841,0.1809,0.1778,0.1716
3425.7,3654.4,3871.6,4062.6,295.97,308.81,307.22,296.64,47.2,47.08,46.33,45.22,0.1809,0.1778,0.1716,0.1657
3654.4,3871.6,4062.6,4327.9,308.81,307.22,296.64,298.22,47.08,46.33,45.22,45.59,0.1778,0.1716,0.1657,0.1683
3871.6,4062.6,4327.9,4161.7,307.22,296.64,298.22,286.0,46.33,45.22,45.59,43.1,0.1716,0.1657,0.1683,0.1577
4062.6,4327.9,4161.7,4387.4,296.64,298.22,286.0,301.34,45.22,45.59,43.1,43.8,0.1657,0.1683,0.1577,0.1603
4327.9,4161.7,4387.4,4278.9,298.22,286.0,301.34,299.0,45.59,43.1,43.8,43.88,0.1683,0.1577,0.1603,0.1578
4161.7,4387.4,4278.9,4105.4,286.0,301.34,299.0,292.0,43.1,43.8,43.88,46.69,0.1577,0.1603,0.1578,0.1569
4387.4,4278.9,4105.4,4150.5,301.34,299.0,292.0,292.78,43.8,43.88,46.69,45.18,0.1603,0.1578,0.1569,0.1526
4278.9,4105.4,4150.5,4066.6,299.0,292.0,292.78,298.37,43.88,46.69,45.18,45.57,0.1578,0.1569,0.1526,0.1587
4105.4,4150.5,4066.6,4005.1,292.0,292.78,298.37,322.24,46.69,45.18,45.57,47.99,0.1569,0.1526,0.1587,0.1958
4150.5,4066.6,4005.1,4089.7,292.78,298.37,322.24,312.54,45.18,45.57,47.99,46.43,0.1526,0.1587,0.1958,0.2421
4066.6,4005.1,4089.7,4141.1,298.37,322.24,312.54,316.5,45.57,47.99,46.43,53.31,0.1587,0.1958,0.2421,0.2457
4005.1,4089.7,4141.1,4318.4,322.24,312.54,316.5,325.62,47.99,46.43,53.31,51.09,0.1958,0.2421,0.2457,0.2173
4089.7,4141.1,4318.4,4364.4,312.54,316.5,325.62,328.7,46.43,53.31,51.09,51.11,0.2421,0.2457,0.2173,0.2167
4141.1,4318.4,4364.4,4352.3,316.5,325.62,328.7,332.72,53.31,51.09,51.11,51.55,0.2457,0.2173,0.2167,0.2097
4318.4,4364.4,4352.3,4345.8,325.62,328.7,332.72,348.01,51.09,51.11,51.55,61.56,0.2173,0.2167,0.2097,0.2017
4364.4,4352.3,4345.8,4390.3,328.7,332.72,348.01,347.09,51.11,51.55,61.56,62.38,0.2167,0.2097,0.2017,0.2252
4352.3,4345.8,4390.3,4597.3,332.72,348.01,347.09,372.0,51.55,61.56,62.38,63.75,0.2097,0.2017,0.2252,0.2199
4345.8,4390.3,4597.3,4583.0,348.01,347.09,372.0,382.78,61.56,62.38,63.75,66.12,0.2017,0.2252,0.2199,0.2319
4390.3,4597.3,4583.0,4735.1,347.09,372.0,382.78,387.3,62.38,63.75,66.12,73.23,0.2252,0.2199,0.2319,0.2593
4597.3,4583.0,4735.1,4921.9,372.0,382.78,387.3,390.35,63.75,66.12,73.23,89.23,0.2199,0.2319,0.2593,0.2529
4583.0,4735.1,4921.9,4573.8,382.78,387.3,390.35,345.0,66.12,73.23,89.23,79.84,0.2319,0.2593,0.2529,0.2252
4735.1,4921.9,4573.8,4612.9,387.3,390.35,345.0,350.63,73.23,89.23,79.84,79.44,0.2593,0.2529,0.2252,0.2303
4921.9,4573.8,4612.9,4267.5,390.35,345.0,350.63,295.81,89.23,79.84,79.44,71.25,0.2529,0.2252,0.2303,0.2045
4573.8,4612.9,4267.5,4409.1,345.0,350.63,295.81,316.18,79.84,79.44,71.25,74.19,0.2252,0.2303,0.2045,0.2168
4612.9,4267.5,4409.1,4618.7,350.63,295.81,316.18,337.36,79.44,71.25,74.19,81.47,0.2303,0.2045,0.2168,0.2314
4267.5,4409.1,4618.7,4635.6,295.81,316.18,337.36,334.1,71.25,74.19,81.47,80.23,0.2045,0.2168,0.2314,0.2271
4409.1,4618.7,4635.6,4326.5,316.18,337.36,334.1,304.0,74.19,81.47,80.23,73.7,0.2168,0.2314,0.2271,0.2122
4618.7,4635.6,4326.5,4335.1,337.36,334.1,304.0,303.08,81.47,80.23,73.7,71.27,0.2314,0.2271,0.2122,0.213
4635.6,4326.5,4335.1,4245.9,334.1,304.0,303.08,297.9,80.23,73.7,71.27,67.44,0.2271,0.2122,0.213,0.2173
4326.5,4335.1,4245.9,4217.9,304.0,303.08,297.9,297.19,73.7,71.27,67.44,68.28,0.2122,0.213,0.2173,0.2143
4335.1,4245.9,4217.9,4158.9,303.08,297.9,297.19,293.9,71.27,67.44,68.28,66.0,0.213,0.2173,0.2143,0.2095
4245.9,4217.9,4158.9,3870.3,297.9,297.19,293.9,275.48,67.44,68.28,66.0,61.8,0.2173,0.2143,0.2095,0.1983
4217.9,4158.9,3870.3,3243.1,297.19,293.9,275.48,222.5,68.28,66.0,61.8,45.42,0.2143,0.2095,0.1983,0.1711
4158.9,3870.3,3243.1,3713.8,293.9,275.48,222.5,258.68,66.0,61.8,45.42,52.29,0.2095,0.1983,0.1711,0.1846
3870.3,3243.1,3713.8,3698.9,275.48,222.5,258.68,253.0,61.8,45.42,52.29,52.47,0.1983,0.1711,0.1846,0.1828
3243.1,3713.8,3698.9,3689.6,222.5,258.68,253.0,257.0,45.42,52.29,52.47,51.37,0.1711,0.1846,0.1828,0.1814
3713.8,3698.9,3689.6,4100.3,258.68,253.0,257.0,296.81,52.29,52.47,51.37,56.3,0.1846,0.1828,0.1814,0.1933
3698.9,3689.6,4100.3,3908.0,253.0,257.0,296.81,282.63,52.47,51.37,56.3,52.95,0.1828,0.1814,0.1933,0.1848
3689.6,4100.3,3908.0,3882.2,257.0,296.81,282.63,283.5,51.37,56.3,52.95,51.57,0.1814,0.1933,0.1848,0.1817
4100.3,3908.0,3882.2,3617.3,296.81,282.63,283.5,256.67,56.3,52.95,51.57,46.61,0.1933,0.1848,0.1817,0.171
3908.0,3882.2,3617.3,3600.8,282.63,283.5,256.67,262.19,52.95,51.57,46.61,47.81,0.1848,0.1817,0.171,0.1728
3882.2,3617.3,3600.8,3788.0,283.5,256.67,262.19,285.9,51.57,46.61,47.81,49.41,0.1817,0.171,0.1728,0.1791
3617.3,3600.8,3788.0,3667.5,256.67,262.19,285.9,282.0,46.61,47.81,49.41,47.7,0.171,0.1728,0.1791,0.1757
3600.8,3788.0,3667.5,3932.8,262.19,285.9,282.0,295.2,47.81,49.41,47.7,52.22,0.1728,0.1791,0.1757,0.1846
3788.0,3667.5,3932.8,3892.7,285.9,282.0,295.2,289.28,49.41,47.7,52.22,52.34,0.1791,0.1757,0.1846,0.1892
3667.5,3932.8,3892.7,4212.2,282.0,295.2,289.28,309.75,47.7,52.22,52.34,56.88,0.1757,0.1846,0.1892,0.2099
3932.8,3892.7,4212.2,4195.6,295.2,289.28,309.75,302.63,52.22,52.34,56.88,54.87,0.1846,0.1892,0.2099,0.2023
3892.7,4212.2,4195.6,4172.8,289.28,309.75,302.63,292.66,52.34,56.88,54.87,52.62,0.1892,0.2099,0.2023,0.1967
4212.2,4195.6,4172.8,4360.6,309.75,302.63,292.66,303.44,56.88,54.87,52.62,55.26,0.2099,0.2023,0.1967,0.1999
4195.6,4172.8,4360.6,4403.1,302.63,292.66,303.44,304.26,54.87,52.62,55.26,54.69,0.2023,0.1967,0.1999,0.2083
4172.8,4360.6,4403.1,4401.3,292.66,303.44,304.26,296.82,52.62,55.26,54.69,53.37,0.1967,0.1999,0.2083,0.2031
4360.6,4403.1,4401.3,4314.2,303.44,304.26,296.82,291.69,55.26,54.69,53.37,52.15,0.1999,0.2083,0.2031,0.2033
4403.1,4401.3,4314.2,4218.7,304.26,296.82,291.69,291.4,54.69,53.37,52.15,51.16,0.2083,0.2031,0.2033,0.2135
4401.3,4314.2,4218.7,4321.4,296.82,291.69,291.4,295.12,53.37,52.15,51.16,51.67,0.2031,0.2033,0.2135,0.23800000000000002
4314.2,4218.7,4321.4,4371.9,291.69,291.4,295.12,308.43,52.15,51.16,51.67,52.12,0.2033,0.2135,0.23800000000000002,0.2334
4218.7,4321.4,4371.9,4435.8,291.4,295.12,308.43,311.46,51.16,51.67,52.12,52.57,0.2135,0.23800000000000002,0.2334,0.2397
4321.4,4371.9,4435.8,4611.7,295.12,308.43,311.46,309.82,51.67,52.12,52.57,53.27,0.23800000000000002,0.2334,0.2397,0.2799
4371.9,4435.8,4611.7,4777.5,308.43,311.46,309.82,297.4,52.12,52.57,53.27,50.04,0.2334,0.2397,0.2799,0.2501
4435.8,4611.7,4777.5,4763.4,311.46,309.82,297.4,299.32,52.57,53.27,50.04,50.4,0.2397,0.2799,0.2501,0.2582
4611.7,4777.5,4763.4,4824.2,309.82,297.4,299.32,303.2,53.27,50.04,50.4,50.81,0.2799,0.2501,0.2582,0.2632
4777.5,4763.4,4824.2,5432.6,297.4,299.32,303.2,303.06,50.04,50.4,50.81,59.58,0.2501,0.2582,0.2632,0.2464
4763.4,4824.2,5432.6,5637.3,299.32,303.2,303.06,337.46,50.4,50.81,59.58,58.9,0.2582,0.2632,0.2464,0.2602
4824.2,5432.6,5637.3,5824.7,303.2,303.06,337.46,339.24,50.81,59.58,58.9,63.94,0.2632,0.2464,0.2602,0.2556
5432.6,5637.3,5824.7,5688.1,303.06,337.46,339.24,337.23,59.58,58.9,63.94,65.51,0.2464,0.2602,0.2556,0.2652
5637.3,5824.7,5688.1,5759.3,337.46,339.24,337.23,334.46,58.9,63.94,65.51,64.72,0.2602,0.2556,0.2652,0.2579
5824.7,5688.1,5759.3,5598.6,339.24,337.23,334.46,315.65,63.94,65.51,64.72,59.19,0.2556,0.2652,0.2579,0.2295
5688.1,5759.3,5598.6,5575.8,337.23,334.46,315.65,313.45,65.51,64.72,59.19,60.67,0.2652,0.2579,0.2295,0.217
5759.3,5598.6,5575.8,5698.6,334.46,315.65,313.45,306.97,64.72,59.19,60.67,59.84,0.2579,0.2295,0.217,0.2139
5598.6,5575.8,5698.6,5993.1,315.65,313.45,306.97,302.61,59.19,60.67,59.84,60.12,0.2295,0.217,0.2139,0.2082
5575.8,5698.6,5993.1,6006.6,313.45,306.97,302.61,299.23,60.67,59.84,60.12,58.14,0.217,0.2139,0.2082,0.2097
5698.6,5993.1,6006.6,5982.9,306.97,302.61,299.23,293.55,59.84,60.12,58.14,56.75,0.2139,0.2082,0.2097,0.2014
5993.1,6006.6,5982.9,5903.6,302.61,299.23,293.55,284.85,60.12,58.14,56.75,54.76,0.2082,0.2097,0.2014,0.1917
6006.6,5982.9,5903.6,5513.1,299.23,293.55,284.85,296.3,58.14,56.75,54.76,55.61,0.2097,0.2014,0.1917,0.2038
5982.9,5903.6,5513.1,5734.0,293.55,284.85,296.3,295.46,56.75,54.76,55.61,56.36,0.2014,0.1917,0.2038,0.2023
5903.6,5513.1,5734.0,5887.6,284.85,296.3,295.46,295.1,54.76,55.61,56.36,55.56,0.1917,0.2038,0.2023,0.2019
5513.1,5734.0,5887.6,5764.6,296.3,295.46,295.1,295.99,55.61,56.36,55.56,55.24,0.2038,0.2023,0.2019,0.2001
5734.0,5887.6,5764.6,5726.6,295.46,295.1,295.99,293.49,56.36,55.56,55.24,54.52,0.2023,0.2019,0.2001,0.1982
5887.6,5764.6,5726.6,6147.5,295.1,295.99,293.49,304.39,55.56,55.24,54.52,56.59,0.2019,0.2001,0.1982,0.2015
5764.6,5726.6,6147.5,6124.3,295.99,293.49,304.39,307.0,55.24,54.52,56.59,56.4,0.2001,0.1982,0.2015,0.2024
5726.6,6147.5,6124.3,6451.2,293.49,304.39,307.0,303.69,54.52,56.59,56.4,55.41,0.1982,0.2015,0.2024,0.1975
6147.5,6124.3,6451.2,6737.8,304.39,307.0,303.69,288.6,56.59,56.4,55.41,53.0,0.2015,0.2024,0.1975,0.1903
6124.3,6451.2,6737.8,7024.8,307.0,303.69,288.6,284.89,56.4,55.41,53.0,54.35,0.2024,0.1975,0.1903,0.2003
6451.2,6737.8,7024.8,7152.1,303.69,288.6,284.89,303.47,55.41,53.0,54.35,56.19,0.1975,0.1903,0.2003,0.2059
6737.8,7024.8,7152.1,7363.8,288.6,284.89,303.47,299.48,53.0,54.35,56.19,55.09,0.1903,0.2003,0.2059,0.2015
7024.8,7152.1,7363.8,7389.5,284.89,303.47,299.48,295.63,54.35,56.19,55.09,54.67,0.2003,0.2059,0.2015,0.1997
7152.1,7363.8,7389.5,6959.2,303.47,299.48,295.63,296.9,56.19,55.09,54.67,54.6,0.2059,0.2015,0.1997,0.2013
7363.8,7389.5,6959.2,7102.8,299.48,295.63,296.9,291.42,55.09,54.67,54.6,60.61,0.2015,0.1997,0.2013,0.2055
7389.5,6959.2,7102.8,7444.4,295.63,296.9,291.42,307.5,54.67,54.6,60.61,62.46,0.1997,0.2013,0.2055,0.2167
6959.2,7102.8,7444.4,7129.6,296.9,291.42,307.5,319.52,54.6,60.61,62.46,64.4,0.2013,0.2055,0.2167,0.2154
7102.8,7444.4,7129.6,6565.8,291.42,307.5,319.52,296.18,60.61,62.46,64.4,59.32,0.2055,0.2167,0.2154,0.2033
7444.4,7129.6,6565.8,6339.9,307.5,319.52,296.18,313.07,62.46,64.4,59.32,62.49,0.2167,0.2154,0.2033,0.2092
7129.6,6565.8,6339.9,5878.1,319.52,296.18,313.07,303.9,64.4,59.32,62.49,58.81,0.2154,0.2033,0.2092,0.1915
6565.8,6339.9,5878.1,6522.5,296.18,313.07,303.9,313.22,59.32,62.49,58.81,61.24,0.2033,0.2092,0.1915,0.2001
6339.9,5878.1,6522.5,6597.1,313.07,303.9,313.22,334.28,62.49,58.81,61.24,62.33,0.2092,0.1915,0.2001,0.205
5878.1,6522.5,6597.1,7283.2,303.9,313.22,334.28,330.59,58.81,61.24,62.33,63.3,0.1915,0.2001,0.205,0.2083
6522.5,6597.1,7283.2,7853.7,313.22,334.28,330.59,330.76,61.24,62.33,63.3,70.56,0.2001,0.205,0.2083,0.2269
6597.1,7283.2,7853.7,7700.0,334.28,330.59,330.76,331.0,62.33,63.3,70.56,67.5,0.205,0.2083,0.2269,0.2239
7283.2,7853.7,7700.0,7780.9,330.59,330.76,331.0,346.68,63.3,70.56,67.5,69.35,0.2083,0.2269,0.2239,0.2275
7853.7,7700.0,7780.9,8042.6,330.76,331.0,346.68,354.7,70.56,67.5,69.35,71.7,0.2269,0.2239,0.2275,0.2321
7700.0,7780.9,8042.6,8244.7,331.0,346.68,354.7,367.94,67.5,69.35,71.7,72.62,0.2239,0.2275,0.2321,0.2406
7780.9,8042.6,8244.7,8100.0,346.68,354.7,367.94,360.0,69.35,71.7,72.62,70.0,0.2275,0.2321,0.2406,0.2318
8042.6,8244.7,8100.0,8234.5,354.7,367.94,360.0,380.48,71.7,72.62,70.0,72.31,0.2321,0.2406,0.2318,0.2385
8244.7,8100.0,8234.5,8013.4,367.94,360.0,380.48,405.19,72.62,70.0,72.31,73.3,0.2406,0.2318,0.2385,0.24
8100.0,8234.5,8013.4,8200.8,360.0,380.48,405.19,470.51,70.0,72.31,73.3,77.54,0.2318,0.2385,0.24,0.24100000000000002
8234.5,8013.4,8200.8,8754.7,380.48,405.19,470.51,464.0,72.31,73.3,77.54,89.13,0.2385,0.24,0.24100000000000002,0.2488
8013.4,8200.8,8754.7,9318.4,405.19,470.51,464.0,464.0,73.3,77.54,89.13,86.62,0.24,0.24100000000000002,0.2488,0.245
8200.8,8754.7,9318.4,9733.2,470.51,464.0,464.0,473.44,77.54,89.13,86.62,91.38,0.24100000000000002,0.2488,0.245,0.247
8754.7,9318.4,9733.2,9906.0,464.0,464.0,473.44,465.56,89.13,86.62,91.38,94.49,0.2488,0.245,0.247,0.2795
9318.4,9733.2,9906.0,9837.9,464.0,473.44,465.56,420.34,86.62,91.38,94.49,86.7,0.245,0.247,0.2795,0.2353
9733.2,9906.0,9837.9,9946.8,473.44,465.56,420.34,432.21,91.38,94.49,86.7,85.82,0.247,0.2795,0.2353,0.2356
9906.0,9837.9,9946.8,10861.5,465.56,420.34,432.21,460.67,94.49,86.7,85.82,100.16,0.2795,0.2353,0.2356,0.2473
9837.9,9946.8,10861.5,10912.7,420.34,432.21,460.67,455.51,86.7,85.82,100.16,99.65,0.2353,0.2356,0.2473,0.2441
9946.8,10861.5,10912.7,11246.2,432.21,460.67,455.51,459.49,85.82,100.16,99.65,101.2,0.2356,0.2473,0.2441,0.2449
10861.5,10912.7,11246.2,11623.9,460.67,455.51,459.49,465.0,100.16,99.65,101.2,104.28,0.2473,0.2441,0.2449,0.2462
10912.7,11246.2,11623.9,11667.1,455.51,459.49,465.0,451.87,99.65,101.2,104.28,101.01,0.2441,0.2449,0.2462,0.2337
11246.2,11623.9,11667.1,13749.6,459.49,465.0,451.87,413.71,101.2,104.28,101.01,100.01,0.2449,0.2462,0.2337,0.2182
11623.9,11667.1,13749.6,16850.3,465.0,451.87,413.71,415.02,104.28,101.01,100.01,97.96,0.2462,0.2337,0.2182,0.2035
11667.1,13749.6,16850.3,16047.6,451.87,413.71,415.02,442.19,101.01,100.01,97.96,128.97,0.2337,0.2182,0.2035,0.2337
13749.6,16850.3,16047.6,14843.4,413.71,415.02,442.19,460.92,100.01,97.96,128.97,160.95,0.2182,0.2035,0.2337,0.2353
16850.3,16047.6,14843.4,15059.6,415.02,442.19,460.92,429.24,97.96,128.97,160.95,150.99,0.2035,0.2337,0.2353,0.2271
16047.6,14843.4,15059.6,16732.5,442.19,460.92,429.24,515.25,128.97,160.95,150.99,218.6,0.2337,0.2353,0.2271,0.2451
14843.4,15059.6,16732.5,17083.9,460.92,429.24,515.25,634.87,160.95,150.99,218.6,352.08,0.2353,0.2271,0.2451,0.3555
15059.6,16732.5,17083.9,16286.8,429.24,515.25,634.87,690.69,150.99,218.6,352.08,312.89,0.2271,0.2451,0.3555,0.4584
16732.5,17083.9,16286.8,16467.9,515.25,634.87,690.69,686.51,218.6,352.08,312.89,283.8,0.2451,0.3555,0.4584,0.8507
17083.9,16286.8,16467.9,17604.8,634.87,690.69,686.51,678.29,352.08,312.89,283.8,303.79,0.3555,0.4584,0.8507,0.7377
16286.8,16467.9,17604.8,19345.5,690.69,686.51,678.29,683.25,312.89,283.8,303.79,306.86,0.4584,0.8507,0.7377,0.7397
16467.9,17604.8,19345.5,19065.7,686.51,678.29,683.25,708.78,283.8,303.79,306.86,324.74,0.8507,0.7377,0.7397,0.7114
17604.8,19345.5,19065.7,18972.3,678.29,683.25,708.78,783.99,303.79,306.86,324.74,359.4,0.7377,0.7397,0.7114,0.7558
19345.5,19065.7,18972.3,17523.7,683.25,708.78,783.99,799.98,306.86,324.74,359.4,350.79,0.7397,0.7114,0.7558,0.7344
19065.7,18972.3,17523.7,16462.0,708.78,783.99,799.98,794.99,324.74,359.4,350.79,305.59,0.7114,0.7558,0.7344,0.7144
18972.3,17523.7,16462.0,15632.1,783.99,799.98,794.99,786.97,359.4,350.79,305.59,311.0,0.7558,0.7344,0.7144,1.12
17523.7,16462.0,15632.1,13665.0,799.98,794.99,786.97,628.19,350.79,305.59,311.0,267.79,0.7344,0.7144,1.12,1.0
16462.0,15632.1,13665.0,14396.5,794.99,786.97,628.19,672.59,305.59,311.0,267.79,293.03,0.7144,1.12,1.0,1.01
15632.1,13665.0,14396.5,13790.0,786.97,628.19,672.59,659.89,311.0,267.79,293.03,278.81,1.12,1.0,1.01,0.9782
13665.0,14396.5,13790.0,13833.5,628.19,672.59,659.89,709.81,267.79,293.03,278.81,273.52,1.0,1.01,0.9782,0.9805
14396.5,13790.0,13833.5,15756.6,672.59,659.89,709.81,749.8,293.03,278.81,273.52,280.1,1.01,0.9782,0.9805,1.07
13790.0,13833.5,15756.6,15416.6,659.89,709.81,749.8,736.45,278.81,273.52,280.1,264.4,0.9782,0.9805,1.07,1.21
13833.5,15756.6,15416.6,14398.7,709.81,749.8,736.45,711.42,273.52,280.1,264.4,251.18,0.9805,1.07,1.21,1.26
15756.6,15416.6,14398.7,14392.6,749.8,736.45,711.42,731.52,280.1,264.4,251.18,245.79,1.07,1.21,1.26,1.93
15416.6,14398.7,14392.6,12531.5,736.45,711.42,731.52,682.22,264.4,251.18,245.79,216.03,1.21,1.26,1.93,1.86
14398.7,14392.6,12531.5,13850.4,711.42,731.52,682.22,736.77,251.18,245.79,216.03,227.17,1.26,1.93,1.86,1.98
14392.6,12531.5,13850.4,13444.9,731.52,682.22,736.77,752.46,245.79,216.03,227.17,225.22,1.93,1.86,1.98,2.05
12531.5,13850.4,13444.9,14754.1,682.22,736.77,752.46,858.78,216.03,227.17,225.22,253.31,1.86,1.98,2.05,2.19
13850.4,13444.9,14754.1,15156.6,736.77,752.46,858.78,942.01,227.17,225.22,253.31,244.99,1.98,2.05,2.19,2.73
13444.9,14754.1,15156.6,15180.1,752.46,858.78,942.01,940.0,225.22,253.31,244.99,238.91,2.05,2.19,2.73,2.73
14754.1,15156.6,15180.1,16954.8,858.78,942.01,940.0,962.77,253.31,244.99,238.91,246.23,2.19,2.73,2.73,2.51
15156.6,15180.1,16954.8,17172.3,942.01,940.0,962.77,1004.3,244.99,238.91,246.23,279.42,2.73,2.73,2.51,2.65
15180.1,16954.8,17172.3,16228.2,940.0,962.77,1004.3,1115.8,238.91,246.23,279.42,272.06,2.73,2.51,2.65,2.78
16954.8,17172.3,16228.2,14976.2,962.77,1004.3,1115.8,1129.3,246.23,279.42,272.06,255.35,2.51,2.65,2.78,2.41
17172.3,16228.2,14976.2,14778.5,1004.3,1115.8,1129.3,1283.7,279.42,272.06,255.35,246.79,2.65,2.78,2.41,2.1219
16228.2,14976.2,14778.5,15043.0,1115.8,1129.3,1283.7,1248.0,272.06,255.35,246.79,248.5,2.78,2.41,2.1219,1.99901
14976.2,14778.5,15043.0,13535.4,1129.3,1283.7,1248.0,1135.5,255.35,246.79,248.5,226.91,2.41,2.1219,1.99901,1.94728
14778.5,15043.0,13535.4,13886.7,1283.7,1248.0,1135.5,1257.2,246.79,248.5,226.91,235.52,2.1219,1.99901,1.94728,2.02243
15043.0,13535.4,13886.7,14292.2,1248.0,1135.5,1257.2,1380.0,248.5,226.91,235.52,258.02,1.99901,1.94728,2.02243,2.04008
13535.4,13886.7,14292.2,13695.2,1135.5,1257.2,1380.0,1350.0,226.91,235.52,258.02,237.89,1.94728,2.02243,2.04008,1.8842900000000002
13886.7,14292.2,13695.2,13697.5,1257.2,1380.0,1350.0,1273.4,235.52,258.02,237.89,232.51,2.02243,2.04008,1.8842900000000002,1.70757
14292.2,13695.2,13697.5,11362.0,1380.0,1350.0,1273.4,1020.1,258.02,237.89,232.51,191.13,2.04008,1.8842900000000002,1.70757,1.19846
13695.2,13697.5,11362.0,11192.3,1350.0,1273.4,1020.1,1017.5,237.89,232.51,191.13,189.0,1.8842900000000002,1.70757,1.19846,1.3406799999999999
13697.5,11362.0,11192.3,11245.4,1273.4,1020.1,1017.5,994.81,232.51,191.13,189.0,192.6,1.70757,1.19846,1.3406799999999999,1.60697
11362.0,11192.3,11245.4,11580.2,1020.1,1017.5,994.81,1032.6,191.13,189.0,192.6,192.5,1.19846,1.3406799999999999,1.60697,1.57155
11192.3,11245.4,11580.2,12858.9,1017.5,994.81,1032.6,1146.0,189.0,192.6,192.5,210.91,1.3406799999999999,1.60697,1.57155,1.6014899999999999
11245.4,11580.2,12858.9,11594.9,994.81,1032.6,1146.0,1047.0,192.6,192.5,210.91,191.25,1.60697,1.57155,1.6014899999999999,1.3946399999999999
11580.2,12858.9,11594.9,10864.8,1032.6,1146.0,1047.0,995.08,192.5,210.91,191.25,179.42,1.57155,1.6014899999999999,1.3946399999999999,1.3724299999999998
12858.9,11594.9,10864.8,10903.2,1146.0,1047.0,995.08,982.98,210.91,191.25,179.42,178.27,1.6014899999999999,1.3946399999999999,1.3724299999999998,1.36019
11594.9,10864.8,10903.2,11452.3,1047.0,995.08,982.98,1063.2,191.25,179.42,178.27,180.6,1.3946399999999999,1.3724299999999998,1.36019,1.38162
10864.8,10903.2,11452.3,11203.0,995.08,982.98,1063.2,1048.2,179.42,178.27,180.6,178.86,1.3724299999999998,1.36019,1.38162,1.30863
10903.2,11452.3,11203.0,11118.1,982.98,1063.2,1048.2,1047.0,178.27,180.6,178.86,175.71,1.36019,1.38162,1.30863,1.21363
11452.3,11203.0,11118.1,11467.5,1063.2,1048.2,1047.0,1114.8,180.6,178.86,175.71,179.65,1.38162,1.30863,1.21363,1.2214200000000002
11203.0,11118.1,11467.5,11795.1,1048.2,1047.0,1114.8,1246.6,178.86,175.71,179.65,191.12,1.30863,1.21363,1.2214200000000002,1.3632
11118.1,11467.5,11795.1,11244.8,1047.0,1114.8,1246.6,1175.0,175.71,179.65,191.12,179.57,1.21363,1.2214200000000002,1.3632,1.271
11467.5,11795.1,11244.8,10166.0,1114.8,1246.6,1175.0,1071.9,179.65,191.12,179.57,166.365,1.2214200000000002,1.3632,1.271,1.11266
11795.1,11244.8,10166.0,10265.4,1246.6,1175.0,1071.9,1118.08,191.12,179.57,166.365,163.87900000000002,1.3632,1.271,1.11266,1.13931
11244.8,10166.0,10265.4,9181.1,1175.0,1071.9,1118.08,1033.55,179.57,166.365,163.87900000000002,142.528,1.271,1.11266,1.13931,0.95131
10166.0,10265.4,9181.1,8893.2,1071.9,1118.08,1033.55,920.85,166.365,163.87900000000002,142.528,131.625,1.11266,1.13931,0.95131,0.8993
10265.4,9181.1,8893.2,9241.1,1118.08,1033.55,920.85,971.49,163.87900000000002,142.528,131.625,160.974,1.13931,0.95131,0.8993,0.95978
9181.1,8893.2,9241.1,8222.2,1033.55,920.85,971.49,829.43,142.528,131.625,160.974,147.886,0.95131,0.8993,0.95978,0.81795
8893.2,9241.1,8222.2,6938.5,920.85,971.49,829.43,696.86,131.625,160.974,147.886,125.292,0.8993,0.95978,0.81795,0.68132
9241.1,8222.2,6938.5,7701.2,971.49,829.43,696.86,783.83,160.974,147.886,125.292,142.219,0.95978,0.81795,0.68132,0.76185
8222.2,6938.5,7701.2,7594.7,829.43,696.86,783.83,753.18,147.886,125.292,142.219,137.993,0.81795,0.68132,0.76185,0.7178100000000001
6938.5,7701.2,7594.7,8164.2,696.86,783.83,753.18,805.4,125.292,142.219,137.993,148.903,0.68132,0.76185,0.7178100000000001,0.78213
7701.2,7594.7,8164.2,8699.8,783.83,753.18,805.4,877.85,142.219,137.993,148.903,163.998,0.76185,0.7178100000000001,0.78213,0.92043
7594.7,8164.2,8699.8,8559.6,753.18,805.4,877.85,851.39,137.993,148.903,163.998,155.029,0.7178100000000001,0.78213,0.92043,1.02892
8164.2,8699.8,8559.6,8081.9,805.4,877.85,851.39,810.45,148.903,163.998,155.029,148.808,0.78213,0.92043,1.02892,0.9607399999999999
8699.8,8559.6,8081.9,8903.5,877.85,851.39,810.45,865.62,163.998,155.029,148.808,161.459,0.92043,1.02892,0.9607399999999999,1.0427
8559.6,8081.9,8903.5,8539.2,851.39,810.45,865.62,841.38,155.029,148.808,161.459,159.267,1.02892,0.9607399999999999,1.0427,0.98725
8081.9,8903.5,8539.2,9476.3,810.45,865.62,841.38,919.67,148.808,161.459,159.267,212.082,0.9607399999999999,1.0427,0.98725,1.12865
8903.5,8539.2,9476.3,10037.3,865.62,841.38,919.67,927.56,161.459,159.267,212.082,221.33700000000002,1.0427,0.98725,1.12865,1.1082100000000001
8539.2,9476.3,10037.3,10178.7,841.38,919.67,927.56,937.5,159.267,212.082,221.33700000000002,228.217,0.98725,1.12865,1.1082100000000001,1.11358
9476.3,10037.3,10178.7,11073.5,919.67,927.56,937.5,971.54,212.082,221.33700000000002,228.217,228.445,1.12865,1.1082100000000001,1.11358,1.17811
10037.3,10178.7,11073.5,10398.8,927.56,937.5,971.54,913.1,221.33700000000002,228.217,228.445,213.821,1.1082100000000001,1.11358,1.17811,1.0705200000000001
10178.7,11073.5,10398.8,11169.4,937.5,971.54,913.1,940.08,228.217,228.445,213.821,222.097,1.11358,1.17811,1.0705200000000001,1.10954
11073.5,10398.8,11169.4,11238.7,971.54,913.1,940.08,884.51,228.445,213.821,222.097,228.696,1.17811,1.0705200000000001,1.10954,1.02735
10398.8,11169.4,11238.7,10473.0,913.1,940.08,884.51,839.1,213.821,222.097,228.696,210.01,1.0705200000000001,1.10954,1.02735,0.95247
11169.4,11238.7,10473.0,9841.7,940.08,884.51,839.1,803.66,222.097,228.696,210.01,193.049,1.10954,1.02735,0.95247,0.89144
11238.7,10473.0,9841.7,10170.4,884.51,839.1,803.66,856.65,228.696,210.01,193.049,206.945,1.02735,0.95247,0.89144,0.94178
10473.0,9841.7,10170.4,9704.3,839.1,803.66,856.65,834.36,210.01,193.049,206.945,206.412,0.95247,0.89144,0.94178,0.90218
9841.7,10170.4,9704.3,9585.2,803.66,856.65,834.36,840.88,193.049,206.945,206.412,217.7,0.89144,0.94178,0.90218,0.9026
10170.4,9704.3,9585.2,10285.1,856.65,834.36,840.88,866.99,206.945,206.412,217.7,218.43900000000002,0.94178,0.90218,0.9026,0.92937
9704.3,9585.2,10285.1,10594.4,834.36,840.88,866.99,871.44,206.412,217.7,218.43900000000002,215.138,0.90218,0.9026,0.92937,0.92968
9585.2,10285.1,10594.4,10333.9,840.88,866.99,871.44,852.49,217.7,218.43900000000002,215.138,202.01,0.9026,0.92937,0.92968,0.88692
10285.1,10594.4,10333.9,10904.5,866.99,871.44,852.49,870.04,218.43900000000002,215.138,202.01,209.63299999999998,0.92937,0.92968,0.88692,0.91533
10594.4,10333.9,10904.5,10827.7,871.44,852.49,870.04,856.09,215.138,202.01,209.63299999999998,212.399,0.92968,0.88692,0.91533,0.89935
10333.9,10904.5,10827.7,11402.3,852.49,870.04,856.09,855.91,202.01,209.63299999999998,212.399,210.271,0.88692,0.91533,0.89935,0.89855
10904.5,10827.7,11402.3,11416.5,870.04,856.09,855.91,865.53,209.63299999999998,212.399,210.271,213.332,0.91533,0.89935,0.89855,1.0043
10827.7,11402.3,11416.5,11330.6,856.09,855.91,865.53,850.24,212.399,210.271,213.332,211.24,0.89935,0.89855,1.0043,0.9456899999999999
11402.3,11416.5,11330.6,10675.1,855.91,865.53,850.24,814.88,210.271,213.332,211.24,196.18200000000002,0.89855,1.0043,0.9456899999999999,0.90345
11416.5,11330.6,10675.1,9902.9,865.53,850.24,814.88,749.98,213.332,211.24,196.18200000000002,184.907,1.0043,0.9456899999999999,0.90345,0.8519200000000001
11330.6,10675.1,9902.9,9300.0,850.24,814.88,749.98,698.96,211.24,196.18200000000002,184.907,176.18,0.9456899999999999,0.90345,0.8519200000000001,0.80642
10675.1,9902.9,9300.0,9217.0,814.88,749.98,698.96,725.89,196.18200000000002,184.907,176.18,142.03,0.90345,0.8519200000000001,0.80642,0.82457
9902.9,9300.0,9217.0,8762.0,749.98,698.96,725.89,682.52,184.907,176.18,142.03,176.75099999999998,0.8519200000000001,0.80642,0.82457,0.77546
9300.0,9217.0,8762.0,9529.6,698.96,725.89,682.52,720.12,176.18,142.03,176.75099999999998,187.855,0.80642,0.82457,0.77546,0.81652
9217.0,8762.0,9529.6,9137.4,725.89,682.52,720.12,697.04,142.03,176.75099999999998,187.855,177.50099999999998,0.82457,0.77546,0.81652,0.78325
8762.0,9529.6,9137.4,9154.9,682.52,720.12,697.04,689.57,176.75099999999998,187.855,177.50099999999998,175.454,0.77546,0.81652,0.78325,0.77825
9529.6,9137.4,9154.9,8210.6,720.12,697.04,689.57,612.09,187.855,177.50099999999998,175.454,160.589,0.81652,0.78325,0.77825,0.68783
9137.4,9154.9,8210.6,8264.4,697.04,689.57,612.09,610.13,177.50099999999998,175.454,160.589,163.69299999999998,0.78325,0.77825,0.68783,0.6846800000000001
9154.9,8210.6,8264.4,8289.2,689.57,612.09,610.13,600.79,175.454,160.589,163.69299999999998,166.00799999999998,0.77825,0.68783,0.6846800000000001,0.67874
8210.6,8264.4,8289.2,7874.9,612.09,610.13,600.79,550.27,160.589,163.69299999999998,166.00799999999998,152.039,0.68783,0.6846800000000001,0.67874,0.62952
8264.4,8289.2,7874.9,8201.2,610.13,600.79,550.27,536.72,163.69299999999998,166.00799999999998,152.039,152.398,0.6846800000000001,0.67874,0.62952,0.6504300000000001
8289.2,7874.9,8201.2,8616.8,600.79,550.27,536.72,556.16,166.00799999999998,152.039,152.398,160.607,0.67874,0.62952,0.6504300000000001,0.72155
7874.9,8201.2,8616.8,8912.6,550.27,536.72,556.16,557.08,152.039,152.398,160.607,169.247,0.62952,0.6504300000000001,0.72155,0.70026
8201.2,8616.8,8912.6,8905.9,536.72,556.16,557.08,560.24,152.398,160.607,169.247,168.303,0.6504300000000001,0.72155,0.70026,0.68035
8616.8,8912.6,8905.9,8726.2,556.16,557.08,560.24,539.87,160.607,169.247,168.303,163.468,0.72155,0.70026,0.68035,0.65445
8912.6,8905.9,8726.2,8916.8,557.08,560.24,539.87,543.42,169.247,168.303,163.468,167.136,0.70026,0.68035,0.65445,0.6404
8905.9,8726.2,8916.8,8547.4,560.24,539.87,543.42,520.45,168.303,163.468,167.136,159.22899999999998,0.68035,0.65445,0.6404,0.62913
8726.2,8916.8,8547.4,8473.2,539.87,543.42,520.45,523.5,163.468,167.136,159.22899999999998,160.391,0.65445,0.6404,0.62913,0.63466
8916.8,8547.4,8473.2,8143.5,543.42,520.45,523.5,485.98,167.136,159.22899999999998,160.391,150.722,0.6404,0.62913,0.63466,0.58843
8547.4,8473.2,8143.5,7801.7,520.45,523.5,485.98,448.48,159.22899999999998,160.391,150.722,134.64,0.62913,0.63466,0.58843,0.57012
8473.2,8143.5,7801.7,7954.9,523.5,485.98,448.48,446.84,160.391,150.722,134.64,131.632,0.63466,0.58843,0.57012,0.5735399999999999
8143.5,7801.7,7954.9,7129.2,485.98,448.48,446.84,384.12,150.722,134.64,131.632,114.666,0.58843,0.57012,0.5735399999999999,0.50298
7801.7,7954.9,7129.2,6853.7,448.48,446.84,384.12,393.79,134.64,131.632,114.666,118.51700000000001,0.57012,0.5735399999999999,0.50298,0.49917
7954.9,7129.2,6853.7,6938.2,446.84,384.12,393.79,393.96,131.632,114.666,118.51700000000001,116.34,0.5735399999999999,0.50298,0.49917,0.50089
7129.2,6853.7,6938.2,6825.2,384.12,393.79,393.96,378.75,114.666,118.51700000000001,116.34,115.17399999999999,0.50298,0.49917,0.50089,0.47873999999999994
6853.7,6938.2,6825.2,7068.4,393.79,393.96,378.75,385.07,118.51700000000001,116.34,115.17399999999999,119.178,0.49917,0.50089,0.47873999999999994,0.49373
6938.2,6825.2,7068.4,7424.2,393.96,378.75,385.07,415.55,116.34,115.17399999999999,119.178,134.26,0.50089,0.47873999999999994,0.49373,0.54745
6825.2,7068.4,7424.2,6808.9,378.75,385.07,415.55,378.68,115.17399999999999,119.178,134.26,118.275,0.47873999999999994,0.49373,0.54745,0.49122
7068.4,7424.2,6808.9,6782.0,385.07,415.55,378.68,381.52,119.178,134.26,118.275,118.65799999999999,0.49373,0.54745,0.49122,0.48931
7424.2,6808.9,6782.0,6624.3,415.55,378.68,381.52,369.97,134.26,118.275,118.65799999999999,113.087,0.54745,0.49122,0.48931,0.47391000000000005
6808.9,6782.0,6624.3,6905.7,378.68,381.52,369.97,384.87,118.275,118.65799999999999,113.087,116.087,0.49122,0.48931,0.47391000000000005,0.48562
6782.0,6624.3,6905.7,7030.5,381.52,369.97,384.87,400.71,118.65799999999999,113.087,116.087,117.839,0.48931,0.47391000000000005,0.48562,0.4984
6624.3,6905.7,7030.5,6781.9,369.97,384.87,400.71,399.05,113.087,116.087,117.839,114.977,0.47391000000000005,0.48562,0.4984,0.48668999999999996
6905.7,7030.5,6781.9,6854.8,384.87,400.71,399.05,415.45,116.087,117.839,114.977,114.321,0.48562,0.4984,0.48668999999999996,0.49151999999999996
7030.5,6781.9,6854.8,6962.1,400.71,399.05,415.45,430.14,117.839,114.977,114.321,118.325,0.4984,0.48668999999999996,0.49151999999999996,0.54025
6781.9,6854.8,6962.1,7926.6,399.05,415.45,430.14,494.03,114.977,114.321,118.325,129.665,0.48668999999999996,0.49151999999999996,0.54025,0.64141
6854.8,6962.1,7926.6,7887.4,415.45,430.14,494.03,493.48,114.321,118.325,129.665,125.391,0.49151999999999996,0.54025,0.64141,0.64073
6962.1,7926.6,7887.4,8004.4,430.14,494.03,493.48,502.52,118.325,129.665,125.391,126.514,0.54025,0.64141,0.64073,0.64046
7926.6,7887.4,8004.4,8363.6,494.03,493.48,502.52,533.9,129.665,125.391,126.514,132.525,0.64141,0.64073,0.64046,0.6937399999999999
7887.4,8004.4,8363.6,8070.0,493.48,502.52,533.9,511.82,125.391,126.514,132.525,128.719,0.64073,0.64046,0.6937399999999999,0.6644899999999999
8004.4,8363.6,8070.0,7908.6,502.52,533.9,511.82,503.19,126.514,132.525,128.719,132.309,0.64046,0.6937399999999999,0.6644899999999999,0.65532
8363.6,8070.0,7908.6,8178.4,533.9,511.82,503.19,525.66,132.525,128.719,132.309,140.425,0.6937399999999999,0.6644899999999999,0.65532,0.71267
8070.0,7908.6,8178.4,8290.8,511.82,503.19,525.66,567.49,128.719,132.309,140.425,146.441,0.6644899999999999,0.65532,0.71267,0.78299
7908.6,8178.4,8290.8,8867.0,503.19,525.66,567.49,617.04,132.309,140.425,146.441,155.657,0.65532,0.71267,0.78299,0.92432
8178.4,8290.8,8867.0,8923.1,525.66,567.49,617.04,605.59,140.425,146.441,155.657,148.686,0.71267,0.78299,0.92432,0.86585
8290.8,8867.0,8923.1,8806.7,567.49,617.04,605.59,622.23,146.441,155.657,148.686,146.575,0.78299,0.92432,0.86585,0.8629
8867.0,8923.1,8806.7,8952.8,617.04,605.59,622.23,644.13,155.657,148.686,146.575,152.594,0.92432,0.86585,0.8629,0.87375
8923.1,8806.7,8952.8,9645.3,605.59,622.23,644.13,703.02,148.686,146.575,152.594,164.65200000000002,0.86585,0.8629,0.87375,0.9219700000000001
8806.7,8952.8,9645.3,8873.1,622.23,644.13,703.02,617.36,146.575,152.594,164.65200000000002,144.847,0.8629,0.87375,0.9219700000000001,0.795
8952.8,9645.3,8873.1,9287.0,644.13,703.02,617.36,662.36,152.594,164.65200000000002,144.847,153.667,0.87375,0.9219700000000001,0.795,0.8485799999999999
9645.3,8873.1,9287.0,8940.9,703.02,617.36,662.36,643.97,164.65200000000002,144.847,153.667,145.984,0.9219700000000001,0.795,0.8485799999999999,0.8083100000000001
8873.1,9287.0,8940.9,9352.4,617.36,662.36,643.97,683.49,144.847,153.667,145.984,152.143,0.795,0.8485799999999999,0.8083100000000001,0.86288
9287.0,8940.9,9352.4,9415.1,662.36,643.97,683.49,689.9,153.667,145.984,152.143,153.483,0.8485799999999999,0.8083100000000001,0.86288,0.86782
8940.9,9352.4,9415.1,9245.1,643.97,683.49,689.9,670.07,145.984,152.143,153.483,148.327,0.8083100000000001,0.86288,0.86782,0.83137
9352.4,9415.1,9245.1,9074.9,683.49,689.9,670.07,671.26,152.143,153.483,148.327,148.207,0.86288,0.86782,0.83137,0.83491
9415.1,9245.1,9074.9,9243.2,689.9,670.07,671.26,688.15,153.483,148.327,148.207,151.718,0.86782,0.83137,0.83491,0.85921
9245.1,9074.9,9243.2,9749.7,670.07,671.26,688.15,778.95,148.327,148.207,151.718,161.252,0.83137,0.83491,0.85921,0.88075
9074.9,9243.2,9749.7,9708.6,671.26,688.15,778.95,785.2,148.207,151.718,161.252,169.042,0.83491,0.85921,0.88075,0.8897
9243.2,9749.7,9708.6,9853.5,688.15,778.95,785.2,818.33,151.718,161.252,169.042,178.52599999999998,0.85921,0.88075,0.8897,0.9012100000000001
9749.7,9708.6,9853.5,9656.4,778.95,785.2,818.33,793.19,161.252,169.042,178.52599999999998,172.239,0.88075,0.8897,0.9012100000000001,0.8637799999999999
9708.6,9853.5,9656.4,9431.6,785.2,818.33,793.19,754.03,169.042,178.52599999999998,172.239,166.019,0.8897,0.9012100000000001,0.8637799999999999,0.83106
9853.5,9656.4,9431.6,9196.4,818.33,793.19,754.03,748.48,178.52599999999998,172.239,166.019,159.08,0.9012100000000001,0.8637799999999999,0.83106,0.80689
9656.4,9431.6,9196.4,9319.1,793.19,754.03,748.48,751.62,172.239,166.019,159.08,156.90200000000002,0.8637799999999999,0.83106,0.80689,0.79047
9431.6,9196.4,9319.1,9025.7,754.03,748.48,751.62,724.4,166.019,159.08,156.90200000000002,148.445,0.83106,0.80689,0.79047,0.74978
9196.4,9319.1,9025.7,8408.3,748.48,751.62,724.4,676.21,159.08,156.90200000000002,148.445,136.21,0.80689,0.79047,0.74978,0.67671
9319.1,9025.7,8408.3,8459.5,751.62,724.4,676.21,683.94,156.90200000000002,148.445,136.21,141.54,0.79047,0.74978,0.67671,0.6831699999999999
9025.7,8408.3,8459.5,8693.5,724.4,676.21,683.94,729.37,148.445,136.21,141.54,144.46200000000002,0.74978,0.67671,0.6831699999999999,0.72912
8408.3,8459.5,8693.5,8674.1,676.21,683.94,729.37,727.06,136.21,141.54,144.46200000000002,147.398,0.67671,0.6831699999999999,0.72912,0.72724
8459.5,8693.5,8674.1,8477.0,683.94,729.37,727.06,705.73,141.54,144.46200000000002,147.398,139.497,0.6831699999999999,0.72912,0.72724,0.68507
8693.5,8674.1,8477.0,8344.4,729.37,727.06,705.73,706.53,144.46200000000002,147.398,139.497,139.26,0.72912,0.72724,0.68507,0.70749
8674.1,8477.0,8344.4,8063.0,727.06,705.73,706.53,668.97,147.398,139.497,139.26,132.629,0.72724,0.68507,0.70749,0.66298
8477.0,8344.4,8063.0,8245.7,705.73,706.53,668.97,693.28,139.497,139.26,132.629,136.064,0.68507,0.70749,0.66298,0.6785
8344.4,8063.0,8245.7,8245.1,706.53,668.97,693.28,696.76,139.26,132.629,136.064,135.162,0.70749,0.66298,0.6785,0.67391
8063.0,8245.7,8245.1,8529.0,668.97,693.28,696.76,716.02,132.629,136.064,135.162,139.786,0.66298,0.6785,0.67391,0.69845
8245.7,8245.1,8529.0,8403.3,693.28,696.76,716.02,696.85,136.064,135.162,139.786,134.134,0.6785,0.67391,0.69845,0.67578
8245.1,8529.0,8403.3,8006.0,696.76,716.02,696.85,642.17,135.162,139.786,134.134,128.161,0.67391,0.69845,0.67578,0.63851
8529.0,8403.3,8006.0,7512.3,716.02,696.85,642.17,577.55,139.786,134.134,128.161,118.61399999999999,0.69845,0.67578,0.63851,0.59126
8403.3,8006.0,7512.3,7592.9,696.85,642.17,577.55,602.43,134.134,128.161,118.61399999999999,122.986,0.67578,0.63851,0.59126,0.62915
8006.0,7512.3,7592.9,7477.7,642.17,577.55,602.43,585.39,128.161,118.61399999999999,122.986,119.096,0.63851,0.59126,0.62915,0.60564
7512.3,7592.9,7477.7,7361.3,577.55,602.43,585.39,586.76,118.61399999999999,122.986,119.096,118.625,0.59126,0.62915,0.60564,0.60878
7592.9,7477.7,7361.3,7366.7,602.43,585.39,586.76,570.69,122.986,119.096,118.625,117.965,0.62915,0.60564,0.60878,0.60463
7477.7,7361.3,7366.7,7119.3,585.39,586.76,570.69,512.29,119.096,118.625,117.965,111.177,0.60564,0.60878,0.60463,0.54761
7361.3,7366.7,7119.3,7467.7,586.76,570.69,512.29,566.81,118.625,117.965,111.177,119.536,0.60878,0.60463,0.54761,0.59936
7366.7,7119.3,7467.7,7400.1,570.69,512.29,566.81,557.98,117.965,111.177,119.536,117.473,0.60463,0.54761,0.59936,0.5937899999999999
7119.3,7467.7,7400.1,7502.6,512.29,566.81,557.98,577.87,111.177,119.536,117.473,118.462,0.54761,0.59936,0.5937899999999999,0.6110300000000001
7467.7,7400.1,7502.6,7530.8,566.81,557.98,577.87,579.3,119.536,117.473,118.462,120.334,0.59936,0.5937899999999999,0.6110300000000001,0.6211300000000001
7400.1,7502.6,7530.8,7646.6,557.98,577.87,579.3,591.3,117.473,118.462,120.334,123.485,0.5937899999999999,0.6110300000000001,0.6211300000000001,0.64286
7502.6,7530.8,7646.6,7729.3,577.87,579.3,591.3,619.08,118.462,120.334,123.485,125.16799999999999,0.6110300000000001,0.6211300000000001,0.64286,0.68795
7530.8,7646.6,7729.3,7504.3,579.3,591.3,619.08,591.44,120.334,123.485,125.16799999999999,119.87899999999999,0.6211300000000001,0.64286,0.68795,0.6559699999999999
7646.6,7729.3,7504.3,7631.5,591.3,619.08,591.44,608.83,123.485,125.16799999999999,119.87899999999999,122.205,0.64286,0.68795,0.6559699999999999,0.67594
7729.3,7504.3,7631.5,7661.0,619.08,591.44,608.83,606.39,125.16799999999999,119.87899999999999,122.205,121.39299999999999,0.68795,0.6559699999999999,0.67594,0.6732899999999999
7504.3,7631.5,7661.0,7697.8,591.44,608.83,606.39,604.71,119.87899999999999,122.205,121.39299999999999,121.575,0.6559699999999999,0.67594,0.6732899999999999,0.67774
7631.5,7661.0,7697.8,7622.1,608.83,606.39,604.71,599.67,122.205,121.39299999999999,121.575,120.00399999999999,0.67594,0.6732899999999999,0.67774,0.67251
7661.0,7697.8,7622.1,7515.8,606.39,604.71,599.67,593.8,121.39299999999999,121.575,120.00399999999999,117.598,0.6732899999999999,0.67774,0.67251,0.6586
7697.8,7622.1,7515.8,6775.1,604.71,599.67,593.8,524.64,121.575,120.00399999999999,117.598,106.698,0.67774,0.67251,0.6586,0.58167
7622.1,7515.8,6775.1,6885.9,599.67,593.8,524.64,531.42,120.00399999999999,117.598,106.698,107.16,0.67251,0.6586,0.58167,0.59928
7515.8,6775.1,6885.9,6558.2,593.8,524.64,531.42,494.48,117.598,106.698,107.16,100.05,0.6586,0.58167,0.59928,0.55823
6775.1,6885.9,6558.2,6312.3,524.64,531.42,494.48,476.17,106.698,107.16,100.05,93.713,0.58167,0.59928,0.55823,0.52987
6885.9,6558.2,6312.3,6647.1,531.42,494.48,476.17,519.49,107.16,100.05,93.713,100.95,0.59928,0.55823,0.52987,0.5565
6558.2,6312.3,6647.1,6410.3,494.48,476.17,519.49,487.88,100.05,93.713,100.95,95.705,0.55823,0.52987,0.5565,0.53333
6312.3,6647.1,6410.3,6505.8,476.17,519.49,487.88,496.93,93.713,100.95,95.705,96.71799999999999,0.52987,0.5565,0.53333,0.5329699999999999
6647.1,6410.3,6505.8,6460.3,519.49,487.88,496.93,496.43,100.95,95.705,96.71799999999999,95.065,0.5565,0.53333,0.5329699999999999,0.52551
6410.3,6505.8,6460.3,6719.8,487.88,496.93,496.43,517.91,95.705,96.71799999999999,95.065,98.756,0.53333,0.5329699999999999,0.52551,0.5382600000000001
6505.8,6460.3,6719.8,6752.4,496.93,496.43,517.91,538.22,96.71799999999999,95.065,98.756,98.81299999999999,0.5329699999999999,0.52551,0.5382600000000001,0.54906
6460.3,6719.8,6752.4,6765.4,496.43,517.91,538.22,536.31,95.065,98.756,98.81299999999999,97.789,0.52551,0.5382600000000001,0.54906,0.53989
6719.8,6752.4,6765.4,6728.0,517.91,538.22,536.31,526.01,98.756,98.81299999999999,97.789,96.815,0.5382600000000001,0.54906,0.53989,0.5341
6752.4,6765.4,6728.0,6055.7,538.22,536.31,526.01,462.57,98.81299999999999,97.789,96.815,84.791,0.54906,0.53989,0.5341,0.4823
6765.4,6728.0,6055.7,6167.3,536.31,526.01,462.57,474.14,97.789,96.815,84.791,82.816,0.53989,0.5341,0.4823,0.48983000000000004
6728.0,6055.7,6167.3,6154.6,526.01,462.57,474.14,454.81,96.815,84.791,82.816,80.565,0.5341,0.4823,0.48983000000000004,0.47455
6055.7,6167.3,6154.6,6256.6,462.57,474.14,454.81,458.76,84.791,82.816,80.565,81.491,0.4823,0.48983000000000004,0.47455,0.4808
6167.3,6154.6,6256.6,6082.1,474.14,454.81,458.76,430.33,82.816,80.565,81.491,75.843,0.48983000000000004,0.47455,0.4808,0.45303999999999994
6154.6,6256.6,6082.1,6154.9,454.81,458.76,430.33,442.16,80.565,81.491,75.843,80.783,0.47455,0.4808,0.45303999999999994,0.47186000000000006
6256.6,6082.1,6154.9,5883.5,458.76,430.33,442.16,421.27,81.491,75.843,80.783,74.32600000000001,0.4808,0.45303999999999994,0.47186000000000006,0.44786000000000004
6082.1,6154.9,5883.5,6213.3,430.33,442.16,421.27,435.37,75.843,80.783,74.32600000000001,79.015,0.45303999999999994,0.47186000000000006,0.44786000000000004,0.45531000000000005
6154.9,5883.5,6213.3,6398.9,442.16,421.27,435.37,452.67,80.783,74.32600000000001,79.015,81.27199999999999,0.47186000000000006,0.44786000000000004,0.45531000000000005,0.46486000000000005
5883.5,6213.3,6398.9,6366.8,421.27,435.37,452.67,452.57,74.32600000000001,79.015,81.27199999999999,80.042,0.44786000000000004,0.45531000000000005,0.46486000000000005,0.46226000000000006
6213.3,6398.9,6366.8,6619.5,435.37,452.67,452.57,475.7,79.015,81.27199999999999,80.042,85.462,0.45531000000000005,0.46486000000000005,0.46226000000000006,0.49005
6398.9,6366.8,6619.5,6513.5,452.67,452.57,475.7,461.89,81.27199999999999,80.042,85.462,84.919,0.46486000000000005,0.46226000000000006,0.49005,0.48516000000000004
6366.8,6619.5,6513.5,6598.4,452.57,475.7,461.89,467.52,80.042,85.462,84.919,85.36,0.46226000000000006,0.49005,0.48516000000000004,0.49194
6619.5,6513.5,6598.4,6546.5,475.7,461.89,467.52,468.47,85.462,84.919,85.36,83.38600000000001,0.49005,0.48516000000000004,0.49194,0.47778999999999994
6513.5,6598.4,6546.5,6617.7,461.89,467.52,468.47,469.9,84.919,85.36,83.38600000000001,83.243,0.48516000000000004,0.49194,0.47778999999999994,0.47773000000000004
6598.4,6546.5,6617.7,6765.5,467.52,468.47,469.9,485.4,85.36,83.38600000000001,83.243,85.04,0.49194,0.47778999999999994,0.47773000000000004,0.4857
6546.5,6617.7,6765.5,6714.8,468.47,469.9,485.4,486.45,83.38600000000001,83.243,85.04,82.385,0.47778999999999994,0.47773000000000004,0.4857,0.47886000000000006
6617.7,6765.5,6714.8,6667.1,469.9,485.4,486.45,471.52,83.243,85.04,82.385,80.56,0.47773000000000004,0.4857,0.47886000000000006,0.47383000000000003
6765.5,6714.8,6667.1,6307.2,485.4,486.45,471.52,432.67,85.04,82.385,80.56,76.039,0.4857,0.47886000000000006,0.47383000000000003,0.44422
6714.8,6667.1,6307.2,6389.1,486.45,471.52,432.67,445.99,82.385,80.56,76.039,78.711,0.47886000000000006,0.47383000000000003,0.44422,0.45023
6667.1,6307.2,6389.1,6250.6,471.52,432.67,445.99,430.84,80.56,76.039,78.711,76.919,0.47383000000000003,0.44422,0.45023,0.43767
6307.2,6389.1,6250.6,6230.2,432.67,445.99,430.84,432.85,76.039,78.711,76.919,76.831,0.44422,0.45023,0.43767,0.43727
6389.1,6250.6,6230.2,6254.8,445.99,430.84,432.85,434.09,78.711,76.919,76.831,76.542,0.45023,0.43767,0.43727,0.43849
6250.6,6230.2,6254.8,6362.9,430.84,432.85,434.09,450.81,76.919,76.831,76.542,79.082,0.43767,0.43727,0.43849,0.44708000000000003
6230.2,6254.8,6362.9,6729.9,432.85,434.09,450.81,479.79,76.831,76.542,79.082,84.32600000000001,0.43727,0.43849,0.44708000000000003,0.4819
6254.8,6362.9,6729.9,7322.0,434.09,450.81,479.79,499.87,76.542,79.082,84.32600000000001,89.46799999999999,0.43849,0.44708000000000003,0.4819,0.5069600000000001
6362.9,6729.9,7322.0,7383.6,450.81,479.79,499.87,480.0,79.082,84.32600000000001,89.46799999999999,86.74,0.44708000000000003,0.4819,0.5069600000000001,0.48826
6729.9,7322.0,7383.6,7477.5,479.79,499.87,480.0,469.47,84.32600000000001,89.46799999999999,86.74,86.535,0.4819,0.5069600000000001,0.48826,0.47694
7322.0,7383.6,7477.5,7339.4,499.87,480.0,469.47,449.38,89.46799999999999,86.74,86.535,82.499,0.5069600000000001,0.48826,0.47694,0.44461999999999996
7383.6,7477.5,7339.4,7408.7,480.0,469.47,449.38,461.52,86.74,86.535,82.499,84.196,0.48826,0.47694,0.44461999999999996,0.45501
7477.5,7339.4,7408.7,7412.3,469.47,449.38,461.52,459.02,86.535,82.499,84.196,82.89399999999999,0.47694,0.44461999999999996,0.45501,0.44938
7339.4,7408.7,7412.3,7723.0,449.38,461.52,459.02,450.56,82.499,84.196,82.89399999999999,81.794,0.44461999999999996,0.45501,0.44938,0.44519
7408.7,7412.3,7723.0,8407.0,461.52,459.02,450.56,479.88,84.196,82.89399999999999,81.794,89.521,0.45501,0.44938,0.44519,0.45813000000000004
7412.3,7723.0,8407.0,8173.7,459.02,450.56,479.88,472.03,82.89399999999999,81.794,89.521,86.775,0.44938,0.44519,0.45813000000000004,0.45943
7723.0,8407.0,8173.7,7937.0,450.56,479.88,472.03,462.75,81.794,89.521,86.775,83.551,0.44519,0.45813000000000004,0.45943,0.44956
8407.0,8173.7,7937.0,8187.4,479.88,472.03,462.75,470.23,89.521,86.775,83.551,84.706,0.45813000000000004,0.45943,0.44956,0.45516
8173.7,7937.0,8187.4,8234.1,472.03,462.75,470.23,468.78,86.775,83.551,84.706,84.329,0.45943,0.44956,0.45516,0.45675
7937.0,8187.4,8234.1,8215.6,462.75,470.23,468.78,466.41,83.551,84.706,84.329,83.97200000000001,0.44956,0.45516,0.45675,0.45303000000000004
8187.4,8234.1,8215.6,8177.1,470.23,468.78,466.41,456.64,84.706,84.329,83.97200000000001,82.315,0.45516,0.45675,0.45303000000000004,0.44603000000000004
8234.1,8215.6,8177.1,7729.4,468.78,466.41,456.64,431.5,84.329,83.97200000000001,82.315,78.961,0.45675,0.45303000000000004,0.44603000000000004,0.43498000000000003
8215.6,8177.1,7729.4,7606.4,466.41,456.64,431.5,420.3,83.97200000000001,82.315,78.961,77.736,0.45303000000000004,0.44603000000000004,0.43498000000000003,0.44666999999999996
8177.1,7729.4,7606.4,7535.6,456.64,431.5,420.3,411.0,82.315,78.961,77.736,76.251,0.44603000000000004,0.43498000000000003,0.44666999999999996,0.43025
7729.4,7606.4,7535.6,7419.0,431.5,420.3,411.0,417.58,78.961,77.736,76.251,77.692,0.43498000000000003,0.44666999999999996,0.43025,0.44065
7606.4,7535.6,7419.0,7014.3,420.3,411.0,417.58,407.09,77.736,76.251,77.692,72.971,0.44666999999999996,0.43025,0.44065,0.42968999999999996
7535.6,7419.0,7014.3,7027.1,411.0,417.58,407.09,408.85,76.251,77.692,72.971,74.58800000000001,0.43025,0.44065,0.42968999999999996,0.43458
7419.0,7014.3,7027.1,6943.6,417.58,407.09,408.85,405.4,77.692,72.971,74.58800000000001,73.775,0.44065,0.42968999999999996,0.43458,0.41286999999999996
7014.3,7027.1,6943.6,6724.9,407.09,408.85,405.4,378.25,72.971,74.58800000000001,73.775,67.411,0.42968999999999996,0.43458,0.41286999999999996,0.37837
7027.1,6943.6,6724.9,6283.6,408.85,405.4,378.25,355.44,74.58800000000001,73.775,67.411,62.203,0.43458,0.41286999999999996,0.37837,0.33179000000000003
6943.6,6724.9,6283.6,6538.8,405.4,378.25,355.44,363.34,73.775,67.411,62.203,63.168,0.41286999999999996,0.37837,0.33179000000000003,0.34388
6724.9,6283.6,6538.8,6152.3,378.25,355.44,363.34,331.81,67.411,62.203,63.168,59.281000000000006,0.37837,0.33179000000000003,0.34388,0.31886
6283.6,6538.8,6152.3,6231.6,355.44,363.34,331.81,317.59,62.203,63.168,59.281000000000006,57.753,0.33179000000000003,0.34388,0.31886,0.29757
6538.8,6152.3,6231.6,6313.0,363.34,331.81,317.59,318.18,63.168,59.281000000000006,57.753,59.364,0.34388,0.31886,0.29757,0.29555
6152.3,6231.6,6313.0,6255.3,331.81,317.59,318.18,284.01,59.281000000000006,57.753,59.364,56.53,0.31886,0.29757,0.29555,0.27446
6231.6,6313.0,6255.3,6190.2,317.59,318.18,284.01,278.19,57.753,59.364,56.53,54.338,0.29757,0.29555,0.27446,0.27289
6313.0,6255.3,6190.2,6256.9,318.18,284.01,278.19,281.12,59.364,56.53,54.338,54.361000000000004,0.29555,0.27446,0.27289,0.28026
6255.3,6190.2,6256.9,6306.7,284.01,278.19,281.12,286.76,56.53,54.338,54.361000000000004,55.306999999999995,0.27446,0.27289,0.28026,0.29157
6190.2,6256.9,6306.7,6581.7,278.19,281.12,286.76,316.9,54.338,54.361000000000004,55.306999999999995,61.567,0.27289,0.28026,0.29157,0.36739
6256.9,6306.7,6581.7,6379.1,281.12,286.76,316.9,293.89,54.361000000000004,55.306999999999995,61.567,57.181999999999995,0.28026,0.29157,0.36739,0.32838
6306.7,6581.7,6379.1,6481.5,286.76,316.9,293.89,299.33,55.306999999999995,61.567,57.181999999999995,57.83,0.29157,0.36739,0.32838,0.3423
6581.7,6379.1,6481.5,6268.1,316.9,293.89,299.33,271.08,61.567,57.181999999999995,57.83,53.516000000000005,0.36739,0.32838,0.3423,0.31467
6379.1,6481.5,6268.1,6482.2,293.89,299.33,271.08,280.9,57.181999999999995,57.83,53.516000000000005,56.479,0.32838,0.3423,0.31467,0.33384
6481.5,6268.1,6482.2,6359.6,299.33,271.08,280.9,269.84,57.83,53.516000000000005,56.479,55.111000000000004,0.3423,0.31467,0.33384,0.31786
6268.1,6482.2,6359.6,6521.2,271.08,280.9,269.84,276.12,53.516000000000005,56.479,55.111000000000004,57.207,0.31467,0.33384,0.31786,0.32608000000000004
6482.2,6359.6,6521.2,6680.4,280.9,269.84,276.12,281.29,56.479,55.111000000000004,57.207,57.86,0.33384,0.31786,0.32608000000000004,0.32673
6359.6,6521.2,6680.4,6734.8,269.84,276.12,281.29,277.61,55.111000000000004,57.207,57.86,57.888000000000005,0.31786,0.32608000000000004,0.32673,0.32725
6521.2,6680.4,6734.8,6712.7,276.12,281.29,277.61,274.46,57.207,57.86,57.888000000000005,57.021,0.32608000000000004,0.32673,0.32725,0.32298000000000004
6680.4,6734.8,6712.7,6897.6,281.29,277.61,274.46,286.57,57.86,57.888000000000005,57.021,60.58,0.32673,0.32725,0.32298000000000004,0.33876999999999996
6734.8,6712.7,6897.6,7074.6,277.61,274.46,286.57,295.62,57.888000000000005,57.021,60.58,63.23,0.32725,0.32298000000000004,0.33876999999999996,0.35111
6712.7,6897.6,7074.6,7029.1,274.46,286.57,295.62,288.42,57.021,60.58,63.23,61.51,0.32298000000000004,0.33876999999999996,0.35111,0.3448
6897.6,7074.6,7029.1,6993.7,286.57,295.62,288.42,283.97,60.58,63.23,61.51,60.151,0.33876999999999996,0.35111,0.3448,0.33487
7074.6,7029.1,6993.7,7033.8,295.62,288.42,283.97,281.94,63.23,61.51,60.151,62.033,0.35111,0.3448,0.33487,0.33503
7029.1,6993.7,7033.8,7189.6,288.42,283.97,281.94,295.31,61.51,60.151,62.033,66.51100000000001,0.3448,0.33487,0.33503,0.34691
6993.7,7033.8,7189.6,7293.9,283.97,281.94,295.31,295.05,60.151,62.033,66.51100000000001,66.188,0.33487,0.33503,0.34691,0.34199
7033.8,7189.6,7293.9,7264.2,281.94,295.31,295.05,288.92,62.033,66.51100000000001,66.188,65.435,0.33503,0.34691,0.34199,0.33463000000000004
7189.6,7293.9,7264.2,7377.5,295.31,295.05,288.92,285.17,66.51100000000001,66.188,65.435,67.59100000000001,0.34691,0.34199,0.33463000000000004,0.33078
7293.9,7264.2,7377.5,6706.8,295.05,288.92,285.17,228.77,66.188,65.435,67.59100000000001,57.997,0.34199,0.33463000000000004,0.33078,0.27904
7264.2,7377.5,6706.8,6514.0,288.92,285.17,228.77,229.6,65.435,67.59100000000001,57.997,57.523,0.33463000000000004,0.33078,0.27904,0.30169
7377.5,6706.8,6514.0,6390.9,285.17,228.77,229.6,215.6,67.59100000000001,57.997,57.523,55.718999999999994,0.33078,0.27904,0.30169,0.28704
6706.8,6514.0,6390.9,6184.3,228.77,229.6,215.6,196.79,57.997,57.523,55.718999999999994,53.082,0.27904,0.30169,0.28704,0.27673000000000003
6514.0,6390.9,6184.3,6238.5,229.6,215.6,196.79,195.8,57.523,55.718999999999994,53.082,54.688,0.30169,0.28704,0.27673000000000003,0.27608
6390.9,6184.3,6238.5,6321.0,215.6,196.79,195.8,197.04,55.718999999999994,53.082,54.688,54.379,0.28704,0.27673000000000003,0.27608,0.26944
6184.3,6238.5,6321.0,6293.9,196.79,195.8,197.04,185.07,53.082,54.688,54.379,52.052,0.27673000000000003,0.27608,0.26944,0.26298
6238.5,6321.0,6293.9,6338.0,195.8,197.04,185.07,182.98,54.688,54.379,52.052,51.70399999999999,0.27608,0.26944,0.26298,0.26986
6321.0,6293.9,6338.0,6482.9,197.04,185.07,182.98,211.0,54.379,52.052,51.70399999999999,54.506,0.26944,0.26298,0.26986,0.27914
6293.9,6338.0,6482.9,6483.7,185.07,182.98,211.0,209.98,52.052,51.70399999999999,54.506,56.27,0.26298,0.26986,0.27914,0.27616
6338.0,6482.9,6483.7,6519.0,182.98,211.0,209.98,221.94,51.70399999999999,54.506,56.27,56.428999999999995,0.26986,0.27914,0.27616,0.28041
6482.9,6483.7,6519.0,6500.2,211.0,209.98,221.94,220.2,54.506,56.27,56.428999999999995,56.756,0.27914,0.27616,0.28041,0.28113
6483.7,6519.0,6500.2,6251.9,209.98,221.94,220.2,196.24,56.27,56.428999999999995,56.756,52.115,0.27616,0.28041,0.28113,0.27058000000000004
6519.0,6500.2,6251.9,6342.0,221.94,220.2,196.24,209.03,56.428999999999995,56.756,52.115,54.085,0.28041,0.28113,0.27058000000000004,0.31965
6500.2,6251.9,6342.0,6390.4,220.2,196.24,209.03,209.74,56.756,52.115,54.085,54.321000000000005,0.28113,0.27058000000000004,0.31965,0.3265
6251.9,6342.0,6390.4,6489.2,196.24,209.03,209.74,224.42,52.115,54.085,54.321000000000005,56.553999999999995,0.27058000000000004,0.31965,0.3265,0.4501
6342.0,6390.4,6489.2,6766.7,209.03,209.74,224.42,247.92,54.085,54.321000000000005,56.553999999999995,60.934,0.31965,0.3265,0.4501,0.5635100000000001
6390.4,6489.2,6766.7,6729.6,209.74,224.42,247.92,240.82,54.321000000000005,56.553999999999995,60.934,60.628,0.3265,0.4501,0.5635100000000001,0.57338
6489.2,6766.7,6729.6,6704.1,224.42,247.92,240.82,244.67,56.553999999999995,60.934,60.628,61.409,0.4501,0.5635100000000001,0.57338,0.5717899999999999
6766.7,6729.6,6704.1,6584.1,247.92,240.82,244.67,228.01,60.934,60.628,61.409,57.982,0.5635100000000001,0.57338,0.5717899999999999,0.49233999999999994
6729.6,6704.1,6584.1,6445.1,240.82,244.67,228.01,219.04,60.628,61.409,57.982,57.559,0.57338,0.5717899999999999,0.49233999999999994,0.5257
6704.1,6584.1,6445.1,6468.1,244.67,228.01,219.04,214.35,61.409,57.982,57.559,57.25899999999999,0.5717899999999999,0.49233999999999994,0.5257,0.51257
6584.1,6445.1,6468.1,6689.2,228.01,219.04,214.35,229.15,57.982,57.559,57.25899999999999,63.266999999999996,0.49233999999999994,0.5257,0.51257,0.54315
6445.1,6468.1,6689.2,6636.0,219.04,214.35,229.15,221.77,57.559,57.25899999999999,63.266999999999996,61.946999999999996,0.5257,0.51257,0.54315,0.53969
6468.1,6689.2,6636.0,6603.9,214.35,229.15,221.77,231.87,57.25899999999999,63.266999999999996,61.946999999999996,61.703,0.51257,0.54315,0.53969,0.5698300000000001
6689.2,6636.0,6603.9,6635.2,229.15,221.77,231.87,232.8,63.266999999999996,61.946999999999996,61.703,61.224,0.54315,0.53969,0.5698300000000001,0.5827399999999999
6636.0,6603.9,6635.2,6608.2,221.77,231.87,232.8,231.77,61.946999999999996,61.703,61.224,60.401,0.53969,0.5698300000000001,0.5827399999999999,0.5773699999999999
6603.9,6635.2,6608.2,6549.9,231.87,232.8,231.77,225.84,61.703,61.224,60.401,59.606,0.5698300000000001,0.5827399999999999,0.5773699999999999,0.51702
6635.2,6608.2,6549.9,6507.8,232.8,231.77,225.84,220.51,61.224,60.401,59.606,57.541000000000004,0.5827399999999999,0.5773699999999999,0.51702,0.52855
6608.2,6549.9,6507.8,6584.2,231.77,225.84,220.51,222.57,60.401,59.606,57.541000000000004,58.411,0.5773699999999999,0.51702,0.52855,0.52871
6549.9,6507.8,6584.2,6639.1,225.84,220.51,222.57,228.34,59.606,57.541000000000004,58.411,59.001000000000005,0.51702,0.52855,0.52871,0.52085
6507.8,6584.2,6639.1,6596.3,220.51,222.57,228.34,225.18,57.541000000000004,58.411,59.001000000000005,57.951,0.52855,0.52871,0.52085,0.48883000000000004
6584.2,6639.1,6596.3,6611.0,222.57,228.34,225.18,226.11,58.411,59.001000000000005,57.951,58.273,0.52871,0.52085,0.48883000000000004,0.48246999999999995
6639.1,6596.3,6611.0,6669.6,228.34,225.18,226.11,229.84,59.001000000000005,57.951,58.273,59.655,0.52085,0.48883000000000004,0.48246999999999995,0.49233000000000005
6596.3,6611.0,6669.6,6650.8,225.18,226.11,229.84,228.25,57.951,58.273,59.655,58.968,0.48883000000000004,0.48246999999999995,0.49233000000000005,0.48157
6611.0,6669.6,6650.8,6618.0,226.11,229.84,228.25,226.3,58.273,59.655,58.968,58.373999999999995,0.48246999999999995,0.49233000000000005,0.48157,0.46573000000000003
6669.6,6650.8,6618.0,6239.1,229.84,228.25,226.3,190.89,59.655,58.968,58.373999999999995,51.248000000000005,0.49233000000000005,0.48157,0.46573000000000003,0.38209
6650.8,6618.0,6239.1,6291.3,228.25,226.3,190.89,196.7,58.968,58.373999999999995,51.248000000000005,53.806000000000004,0.48157,0.46573000000000003,0.38209,0.42055
6618.0,6239.1,6291.3,6321.7,226.3,190.89,196.7,201.22,58.373999999999995,51.248000000000005,53.806000000000004,54.059,0.46573000000000003,0.38209,0.42055,0.42235
6239.1,6291.3,6321.7,6326.8,190.89,196.7,201.22,197.08,51.248000000000005,53.806000000000004,54.059,52.545,0.38209,0.42055,0.42235,0.40834000000000004
6291.3,6321.7,6326.8,6699.8,196.7,201.22,197.08,214.26,53.806000000000004,54.059,52.545,55.951,0.42055,0.42235,0.40834000000000004,0.45981000000000005
6321.7,6326.8,6699.8,6705.3,201.22,197.08,214.26,215.06,54.059,52.545,55.951,55.408,0.42235,0.40834000000000004,0.45981000000000005,0.48335
6326.8,6699.8,6705.3,6686.6,197.08,214.26,215.06,213.46,52.545,55.951,55.408,55.483999999999995,0.40834000000000004,0.45981000000000005,0.48335,0.48294
6699.8,6705.3,6686.6,6574.1,214.26,215.06,213.46,206.58,55.951,55.408,55.483999999999995,53.426,0.45981000000000005,0.48335,0.48294,0.4668
6705.3,6686.6,6574.1,6512.0,215.06,213.46,206.58,204.97,55.408,55.483999999999995,53.426,53.638000000000005,0.48335,0.48294,0.4668,0.45998999999999995
6686.6,6574.1,6512.0,6572.2,213.46,206.58,204.97,208.04,55.483999999999995,53.426,53.638000000000005,54.231,0.48294,0.4668,0.45998999999999995,0.46712
6574.1,6512.0,6572.2,6583.0,206.58,204.97,208.04,207.37,53.426,53.638000000000005,54.231,53.721000000000004,0.4668,0.45998999999999995,0.46712,0.46423000000000003
6512.0,6572.2,6583.0,6555.8,204.97,208.04,207.37,206.77,53.638000000000005,54.231,53.721000000000004,53.105,0.45998999999999995,0.46712,0.46423000000000003,0.46061
6572.2,6583.0,6555.8,6528.7,208.04,207.37,206.77,205.68,54.231,53.721000000000004,53.105,53.32,0.46712,0.46423000000000003,0.46061,0.46868999999999994
6583.0,6555.8,6528.7,6530.7,207.37,206.77,205.68,205.12,53.721000000000004,53.105,53.32,53.088,0.46423000000000003,0.46061,0.46868999999999994,0.46313999999999994
6555.8,6528.7,6530.7,6507.0,206.77,205.68,205.12,204.11,53.105,53.32,53.088,53.003,0.46061,0.46868999999999994,0.46313999999999994,0.46275
6528.7,6530.7,6507.0,6510.0,205.68,205.12,204.11,204.58,53.32,53.088,53.003,52.607,0.46868999999999994,0.46313999999999994,0.46275,0.46505
6530.7,6507.0,6510.0,6494.2,205.12,204.11,204.58,204.36,53.088,53.003,52.607,52.364,0.46313999999999994,0.46275,0.46505,0.45973
6507.0,6510.0,6494.2,6486.1,204.11,204.58,204.36,204.99,53.003,52.607,52.364,51.983999999999995,0.46275,0.46505,0.45973,0.4639
6510.0,6494.2,6486.1,6335.0,204.58,204.36,204.99,197.05,52.607,52.364,51.983999999999995,49.31399999999999,0.46505,0.45973,0.4639,0.44421000000000005
6494.2,6486.1,6335.0,6325.7,204.36,204.99,197.05,197.39,52.364,51.983999999999995,49.31399999999999,49.31399999999999,0.45973,0.4639,0.44421000000000005,0.44726000000000005
6486.1,6335.0,6325.7,6365.9,204.99,197.05,197.39,198.59,51.983999999999995,49.31399999999999,49.31399999999999,49.943000000000005,0.4639,0.44421000000000005,0.44726000000000005,0.45361
6335.0,6325.7,6365.9,6400.5,197.05,197.39,198.59,198.17,49.31399999999999,49.31399999999999,49.943000000000005,50.596000000000004,0.44421000000000005,0.44726000000000005,0.45361,0.46029
6325.7,6365.9,6400.5,6424.7,197.39,198.59,198.17,202.66,49.31399999999999,49.943000000000005,50.596000000000004,51.716,0.44726000000000005,0.45361,0.46029,0.46121999999999996
6365.9,6400.5,6424.7,6386.2,198.59,198.17,202.66,200.23,49.943000000000005,50.596000000000004,51.716,51.117,0.45361,0.46029,0.46121999999999996,0.45683999999999997
6400.5,6424.7,6386.2,6478.2,198.17,202.66,200.23,211.86,50.596000000000004,51.716,51.117,54.573,0.46029,0.46121999999999996,0.45683999999999997,0.46953999999999996
6424.7,6386.2,6478.2,6459.7,202.66,200.23,211.86,210.67,51.716,51.117,54.573,53.57,0.46121999999999996,0.45683999999999997,0.46953999999999996,0.50116
6386.2,6478.2,6459.7,6502.8,200.23,211.86,210.67,220.22,51.117,54.573,53.57,56.401,0.45683999999999997,0.46953999999999996,0.50116,0.55373
6478.2,6459.7,6502.8,6565.3,211.86,210.67,220.22,218.8,54.573,53.57,56.401,54.441,0.46953999999999996,0.50116,0.55373,0.5398
6459.7,6502.8,6565.3,6474.0,210.67,220.22,218.8,212.87,53.57,56.401,54.441,52.655,0.50116,0.55373,0.5398,0.49621000000000004
6502.8,6565.3,6474.0,6412.0,220.22,218.8,212.87,211.39,56.401,54.441,52.655,52.095,0.55373,0.5398,0.49621000000000004,0.50383
6565.3,6474.0,6412.0,6427.1,218.8,212.87,211.39,213.21,54.441,52.655,52.095,52.477,0.5398,0.49621000000000004,0.50383,0.50845
6474.0,6412.0,6427.1,6446.1,212.87,211.39,213.21,213.18,52.655,52.095,52.477,50.541000000000004,0.49621000000000004,0.50383,0.50845,0.50948
6412.0,6427.1,6446.1,6435.0,211.39,213.21,213.18,212.79,52.095,52.477,50.541000000000004,50.763000000000005,0.50383,0.50845,0.50948,0.52287
6427.1,6446.1,6435.0,6429.2,213.21,213.18,212.79,210.44,52.477,50.541000000000004,50.763000000000005,50.37,0.50845,0.50948,0.52287,0.5162899999999999
6446.1,6435.0,6429.2,5842.4,213.18,212.79,210.44,187.46,50.541000000000004,50.763000000000005,50.37,44.61,0.50948,0.52287,0.5162899999999999,0.47997
6435.0,6429.2,5842.4,5718.9,212.79,210.44,187.46,184.1,50.763000000000005,50.37,44.61,44.611999999999995,0.52287,0.5162899999999999,0.47997,0.48732
6429.2,5842.4,5718.9,5636.2,210.44,187.46,184.1,177.01,50.37,44.61,44.611999999999995,42.792,0.5162899999999999,0.47997,0.48732,0.4766
5842.4,5718.9,5636.2,5621.8,187.46,184.1,177.01,176.53,44.61,44.611999999999995,42.792,42.383,0.47997,0.48732,0.4766,0.4976
5718.9,5636.2,5621.8,5658.3,184.1,177.01,176.53,178.65,44.611999999999995,42.792,42.383,43.15,0.48732,0.4766,0.4976,0.51555
5636.2,5621.8,5658.3,4883.8,177.01,176.53,178.65,150.12,42.792,42.383,43.15,36.978,0.4766,0.4976,0.51555,0.48163999999999996
5621.8,5658.3,4883.8,4524.6,176.53,178.65,150.12,132.92,42.383,43.15,36.978,33.731,0.4976,0.51555,0.48163999999999996,0.44273
5658.3,4883.8,4524.6,4638.7,178.65,150.12,132.92,137.72,43.15,36.978,33.731,35.052,0.51555,0.48163999999999996,0.44273,0.45202
4883.8,4524.6,4638.7,4356.0,150.12,132.92,137.72,126.12,36.978,33.731,35.052,32.164,0.48163999999999996,0.44273,0.45202,0.42627
4524.6,4638.7,4356.0,4398.0,132.92,137.72,126.12,124.64,33.731,35.052,32.164,32.71,0.44273,0.45202,0.42627,0.41331
4638.7,4356.0,4398.0,3920.4,137.72,126.12,124.64,114.43,35.052,32.164,32.71,29.675,0.45202,0.42627,0.41331,0.37942
4356.0,4398.0,3920.4,4062.2,126.12,124.64,114.43,118.04,32.164,32.71,29.675,31.447,0.42627,0.41331,0.37942,0.38172
4398.0,3920.4,4062.2,3837.0,124.64,114.43,118.04,110.08,32.71,29.675,31.447,30.078000000000003,0.41331,0.37942,0.38172,0.3621
3920.4,4062.2,3837.0,3866.5,114.43,118.04,110.08,111.18,29.675,31.447,30.078000000000003,31.558000000000003,0.37942,0.38172,0.3621,0.36506
4062.2,3837.0,3866.5,4265.4,118.04,110.08,111.18,122.74,31.447,30.078000000000003,31.558000000000003,34.708,0.38172,0.3621,0.36506,0.39252
3837.0,3866.5,4265.4,4296.5,110.08,111.18,122.74,117.85,30.078000000000003,31.558000000000003,34.708,33.867,0.3621,0.36506,0.39252,0.38143
3866.5,4265.4,4296.5,4039.7,111.18,122.74,117.85,113.77,31.558000000000003,34.708,33.867,32.228,0.36506,0.39252,0.38143,0.36448
4265.4,4296.5,4039.7,4196.2,122.74,117.85,113.77,118.23,34.708,33.867,32.228,34.211999999999996,0.39252,0.38143,0.36448,0.37328
4296.5,4039.7,4196.2,4160.4,117.85,113.77,118.23,116.41,33.867,32.228,34.211999999999996,33.772,0.38143,0.36448,0.37328,0.36917
4039.7,4196.2,4160.4,3897.8,113.77,118.23,116.41,108.66,32.228,34.211999999999996,33.772,31.002,0.36448,0.37328,0.36917,0.34811
4196.2,4160.4,3897.8,3958.5,118.23,116.41,108.66,110.09,34.211999999999996,33.772,31.002,31.129,0.37328,0.36917,0.34811,0.35312
4160.4,3897.8,3958.5,3771.6,116.41,108.66,110.09,102.33,33.772,31.002,31.129,29.261,0.36917,0.34811,0.35312,0.33849
3897.8,3958.5,3771.6,3508.6,108.66,110.09,102.33,90.86,31.002,31.129,29.261,26.735,0.34811,0.35312,0.33849,0.30879
3958.5,3771.6,3508.6,3422.2,110.09,102.33,90.86,93.27,31.129,29.261,26.735,24.998,0.35312,0.33849,0.30879,0.30165
3771.6,3508.6,3422.2,3430.4,102.33,90.86,93.27,90.57,29.261,26.735,24.998,24.386999999999997,0.33849,0.30879,0.30165,0.30414
3508.6,3422.2,3430.4,3567.5,90.86,93.27,90.57,93.62,26.735,24.998,24.386999999999997,25.47,0.30879,0.30165,0.30414,0.31096999999999997
3422.2,3430.4,3567.5,3460.5,93.27,90.57,93.62,90.17,24.998,24.386999999999997,25.47,24.234,0.30165,0.30414,0.31096999999999997,0.30114
3430.4,3567.5,3460.5,3407.7,90.57,93.62,90.17,88.32,24.386999999999997,25.47,24.234,23.598000000000003,0.30414,0.31096999999999997,0.30114,0.30186
3567.5,3460.5,3407.7,3466.1,93.62,90.17,88.32,89.62,25.47,24.234,23.598000000000003,24.246,0.31096999999999997,0.30114,0.30186,0.30662
3460.5,3407.7,3466.1,3315.3,90.17,88.32,89.62,86.31,24.234,23.598000000000003,24.246,23.124000000000002,0.30114,0.30186,0.30662,0.30033000000000004
3407.7,3466.1,3315.3,3247.8,88.32,89.62,86.31,83.81,23.598000000000003,24.246,23.124000000000002,23.46,0.30186,0.30662,0.30033000000000004,0.28926999999999997
3466.1,3315.3,3247.8,3228.7,89.62,86.31,83.81,83.9,24.246,23.124000000000002,23.46,23.651,0.30662,0.30033000000000004,0.28926999999999997,0.28549
3315.3,3247.8,3228.7,3247.9,86.31,83.81,83.9,84.72,23.124000000000002,23.46,23.651,25.539,0.30033000000000004,0.28926999999999997,0.28549,0.28814
3247.8,3228.7,3247.9,3526.1,83.81,83.9,84.72,94.37,23.46,23.651,25.539,29.015,0.28926999999999997,0.28549,0.28814,0.32915
3228.7,3247.9,3526.1,3668.0,83.9,84.72,94.37,100.66,23.651,25.539,29.015,30.066999999999997,0.28549,0.28814,0.32915,0.35154
3247.9,3526.1,3668.0,3687.1,84.72,94.37,100.66,99.37,25.539,29.015,30.066999999999997,29.023000000000003,0.28814,0.32915,0.35154,0.34774
3526.1,3668.0,3687.1,4076.0,94.37,100.66,99.37,114.61,29.015,30.066999999999997,29.023000000000003,32.384,0.32915,0.35154,0.34774,0.37551999999999996
3668.0,3687.1,4076.0,3850.9,100.66,99.37,114.61,108.18,30.066999999999997,29.023000000000003,32.384,30.379,0.35154,0.34774,0.37551999999999996,0.35655
3687.1,4076.0,3850.9,3964.4,99.37,114.61,108.18,115.84,29.023000000000003,32.384,30.379,31.534000000000002,0.34774,0.37551999999999996,0.35655,0.36033000000000004
4076.0,3850.9,3964.4,3944.4,114.61,108.18,115.84,129.6,32.384,30.379,31.534000000000002,33.124,0.37551999999999996,0.35655,0.36033000000000004,0.36988000000000004
3850.9,3964.4,3944.4,4026.1,108.18,115.84,129.6,139.23,30.379,31.534000000000002,33.124,32.893,0.35655,0.36033000000000004,0.36988000000000004,0.40356
3964.4,3944.4,4026.1,3762.5,115.84,129.6,139.23,128.39,31.534000000000002,33.124,32.893,30.625,0.36033000000000004,0.36988000000000004,0.40356,0.37866
3944.4,4026.1,3762.5,3793.7,129.6,139.23,128.39,130.06,33.124,32.893,30.625,30.438000000000002,0.36988000000000004,0.40356,0.37866,0.37548000000000004
4026.1,3762.5,3793.7,3586.9,139.23,128.39,130.06,114.56,32.893,30.625,30.438000000000002,27.671,0.40356,0.37866,0.37548000000000004,0.33660999999999996
3762.5,3793.7,3586.9,3861.6,128.39,130.06,114.56,136.61,30.625,30.438000000000002,27.671,31.997,0.37866,0.37548000000000004,0.33660999999999996,0.37365
3793.7,3586.9,3861.6,3706.8,130.06,114.56,136.61,133.67,30.438000000000002,27.671,31.997,30.314,0.37548000000000004,0.33660999999999996,0.37365,0.35945
3586.9,3861.6,3706.8,3815.0,114.56,136.61,133.67,138.45,27.671,31.997,30.314,31.444000000000003,0.33660999999999996,0.37365,0.35945,0.36759000000000003
3861.6,3706.8,3815.0,3709.4,136.61,133.67,138.45,131.9,31.997,30.314,31.444000000000003,29.893,0.37365,0.35945,0.36759000000000003,0.35100000000000003
3706.8,3815.0,3709.4,3809.4,133.67,138.45,131.9,139.61,30.314,31.444000000000003,29.893,31.56,0.35945,0.36759000000000003,0.35100000000000003,0.36325999999999997
