"","Date","eur_price","eur_open","eur_high","eur_low","eur_change","gbp_price","gbp_open","gbp_high","gbp_low","gbp_change"
"257","2016-01-01",1.086,1.0862,1.0869,1.0845,-0.01,1.4748,1.4739,1.4753,1.4739,0.06
"264","2016-01-04",1.0831,1.0858,1.0949,1.0783,-0.27,1.4718,1.4748,1.4815,1.4663,-0.2
"267","2016-01-05",1.0748,1.0831,1.084,1.0711,-0.77,1.4672,1.4712,1.4726,1.4637,-0.31
"270","2016-01-06",1.0781,1.0749,1.0802,1.0721,0.31,1.4627,1.4675,1.4683,1.4601,-0.31
"272","2016-01-07",1.0936,1.0779,1.0941,1.077,1.44,1.4617,1.463,1.4642,1.4533,-0.07
"273","2016-01-08",1.0932,1.0934,1.0936,1.0804,-0.04,1.452,1.4617,1.4646,1.4506,-0.66
"279","2016-01-11",1.086,1.0923,1.0969,1.0847,-0.66,1.4544,1.4526,1.4608,1.4497,0.17
"282","2016-01-12",1.0857,1.0859,1.0904,1.0822,-0.03,1.4444,1.4539,1.456,1.435,-0.69
"285","2016-01-13",1.0877,1.0858,1.0891,1.0807,0.18,1.4407,1.4444,1.4476,1.4379,-0.26
"287","2016-01-14",1.0865,1.088,1.0945,1.0835,-0.11,1.4414,1.4404,1.4446,1.4359,0.05
"288","2016-01-15",1.0917,1.0866,1.0987,1.0855,0.48,1.4258,1.4416,1.4431,1.4251,-1.08
"294","2016-01-18",1.0892,1.0918,1.0941,1.0869,-0.23,1.4244,1.4262,1.4325,1.4236,-0.1
"297","2016-01-19",1.0909,1.0892,1.0941,1.0861,0.16,1.4158,1.4242,1.4341,1.4129,-0.6
"300","2016-01-20",1.0891,1.091,1.0977,1.0877,-0.16,1.4191,1.4154,1.422,1.4124,0.23
"302","2016-01-21",1.0874,1.0893,1.0922,1.0779,-0.16,1.4218,1.4189,1.4249,1.408,0.19
"303","2016-01-22",1.0797,1.0874,1.0879,1.079,-0.71,1.4265,1.4222,1.4364,1.4204,0.33
"309","2016-01-25",1.0849,1.0799,1.0858,1.0788,0.48,1.4249,1.427,1.4311,1.4223,-0.11
"312","2016-01-26",1.0871,1.085,1.0875,1.0819,0.2,1.4352,1.4249,1.4368,1.4173,0.72
"315","2016-01-27",1.0893,1.0871,1.0917,1.0851,0.2,1.4234,1.4352,1.4358,1.423,-0.82
"317","2016-01-28",1.0939,1.0891,1.0969,1.0869,0.42,1.4362,1.4236,1.4412,1.4234,0.9
"318","2016-01-29",1.0837,1.0938,1.0951,1.0812,-0.93,1.4247,1.4362,1.4415,1.415,-0.8
"196","2016-02-01",1.0888,1.0833,1.0915,1.0814,0.47,1.4433,1.4243,1.4448,1.4228,1.31
"199","2016-02-02",1.0919,1.0892,1.0944,1.0886,0.28,1.4411,1.4434,1.4447,1.4326,-0.15
"202","2016-02-03",1.1104,1.0917,1.1146,1.0903,1.69,1.4604,1.4414,1.4653,1.4386,1.34
"204","2016-02-04",1.1208,1.1104,1.124,1.107,0.94,1.4589,1.4602,1.467,1.4529,-0.1
"205","2016-02-05",1.1159,1.1209,1.1246,1.111,-0.44,1.4503,1.459,1.4594,1.4453,-0.59
"211","2016-02-08",1.1198,1.1159,1.1218,1.1087,0.35,1.4432,1.4501,1.4547,1.4352,-0.49
"214","2016-02-09",1.1293,1.1197,1.1339,1.1163,0.85,1.4473,1.443,1.4517,1.4378,0.28
"217","2016-02-10",1.129,1.1292,1.1311,1.1159,-0.03,1.4522,1.4468,1.4579,1.4448,0.34
"219","2016-02-11",1.1324,1.1292,1.1378,1.1274,0.3,1.4477,1.4522,1.4565,1.4384,-0.31
"220","2016-02-12",1.126,1.1328,1.1335,1.1215,-0.57,1.4507,1.4479,1.4572,1.4444,0.21
"226","2016-02-15",1.1155,1.1251,1.1253,1.1127,-0.93,1.4435,1.4501,1.4537,1.4413,-0.5
"229","2016-02-16",1.1144,1.1155,1.1196,1.1123,-0.1,1.4305,1.4438,1.4518,1.4279,-0.9
"232","2016-02-17",1.1128,1.1143,1.118,1.1104,-0.14,1.4297,1.4303,1.4341,1.4236,-0.06
"234","2016-02-18",1.1107,1.113,1.1153,1.1072,-0.19,1.4337,1.4299,1.4398,1.4259,0.28
"235","2016-02-19",1.1134,1.1107,1.114,1.1067,0.24,1.4406,1.4333,1.4411,1.4248,0.48
"241","2016-02-22",1.1029,1.1128,1.1137,1.1003,-0.94,1.415,1.431,1.432,1.4058,-1.78
"244","2016-02-23",1.102,1.1031,1.1055,1.0991,-0.08,1.4022,1.4149,1.4156,1.4005,-0.9
"247","2016-02-24",1.1013,1.1019,1.1047,1.0957,-0.06,1.3927,1.4022,1.4029,1.3877,-0.68
"249","2016-02-25",1.1023,1.1014,1.1052,1.0987,0.09,1.3963,1.3924,1.3997,1.3898,0.26
"250","2016-02-26",1.0934,1.102,1.1071,1.0913,-0.81,1.387,1.3962,1.4045,1.3855,-0.67
"256","2016-02-29",1.0873,1.0932,1.0964,1.0858,-0.56,1.3916,1.3869,1.3947,1.3834,0.33
"453","2016-03-01",1.0867,1.0873,1.0896,1.0835,-0.06,1.3948,1.3918,1.4019,1.3904,0.23
"456","2016-03-02",1.0868,1.0868,1.0881,1.0825,0.01,1.4078,1.3948,1.4094,1.3914,0.93
"459","2016-03-03",1.0957,1.0867,1.0974,1.0853,0.82,1.4179,1.4078,1.4196,1.4032,0.72
"461","2016-03-04",1.1004,1.0958,1.1045,1.0903,0.43,1.4228,1.4179,1.4249,1.4108,0.35
"465","2016-03-07",1.1014,1.1008,1.1027,1.094,0.09,1.4265,1.4234,1.4284,1.4135,0.26
"468","2016-03-08",1.1011,1.1014,1.1059,1.0992,-0.03,1.4216,1.4266,1.4276,1.4173,-0.34
"471","2016-03-09",1.0999,1.1012,1.1037,1.0946,-0.11,1.4217,1.4217,1.4244,1.4177,0.01
"474","2016-03-10",1.1177,1.0998,1.1218,1.0821,1.62,1.428,1.422,1.4322,1.4121,0.44
"476","2016-03-11",1.1153,1.1177,1.1212,1.1081,-0.21,1.4387,1.4281,1.4438,1.4254,0.75
"480","2016-03-14",1.1106,1.1151,1.1177,1.1076,-0.42,1.4302,1.4384,1.4391,1.4291,-0.59
"483","2016-03-15",1.1109,1.11,1.1125,1.1071,0.03,1.4153,1.4301,1.4309,1.4139,-1.04
"486","2016-03-16",1.1225,1.111,1.1245,1.1058,1.04,1.4259,1.415,1.4274,1.4053,0.75
"489","2016-03-17",1.1319,1.1224,1.1344,1.1205,0.84,1.4479,1.4258,1.4503,1.422,1.54
"491","2016-03-18",1.127,1.1319,1.1339,1.1257,-0.43,1.448,1.4482,1.4516,1.4411,0.01
"495","2016-03-21",1.1241,1.127,1.1286,1.1235,-0.26,1.4367,1.448,1.448,1.4364,-0.78
"498","2016-03-22",1.1217,1.1245,1.1263,1.119,-0.21,1.4208,1.4368,1.4398,1.419,-1.11
"501","2016-03-23",1.1184,1.1218,1.1224,1.1158,-0.29,1.4117,1.4207,1.4228,1.4082,-0.64
"504","2016-03-24",1.1174,1.1179,1.1188,1.1143,-0.09,1.4154,1.4114,1.4184,1.4057,0.26
"506","2016-03-25",1.1166,1.1176,1.1189,1.1153,-0.07,1.4143,1.4153,1.4159,1.4108,-0.08
"510","2016-03-28",1.1196,1.1164,1.1221,1.1154,0.27,1.4254,1.4129,1.4282,1.4118,0.78
"513","2016-03-29",1.1291,1.1198,1.1305,1.1168,0.85,1.4385,1.4257,1.4409,1.4197,0.92
"516","2016-03-30",1.1338,1.129,1.1366,1.1281,0.42,1.4378,1.438,1.446,1.436,-0.05
"519","2016-03-31",1.138,1.1338,1.1413,1.1309,0.37,1.4362,1.438,1.4428,1.4327,-0.11
"1","2016-04-01",1.1387,1.138,1.1439,1.1334,0.06,1.4226,1.4365,1.4379,1.4176,-0.95
"5","2016-04-04",1.1392,1.1393,1.1414,1.1357,0.04,1.4263,1.4219,1.4322,1.4189,0.26
"8","2016-04-05",1.1384,1.1389,1.1406,1.1336,-0.07,1.4161,1.4263,1.4281,1.4122,-0.72
"11","2016-04-06",1.1399,1.1384,1.1434,1.1327,0.13,1.4121,1.416,1.4171,1.4005,-0.28
"14","2016-04-07",1.1377,1.1398,1.1455,1.1337,-0.19,1.4057,1.412,1.4159,1.4046,-0.45
"16","2016-04-08",1.1401,1.1379,1.1421,1.1349,0.21,1.4126,1.406,1.4144,1.4042,0.49
"20","2016-04-11",1.1408,1.1407,1.1448,1.1373,0.06,1.4241,1.4124,1.4286,1.4104,0.81
"23","2016-04-12",1.1386,1.1408,1.1466,1.1347,-0.19,1.4275,1.424,1.4349,1.4196,0.24
"26","2016-04-13",1.1274,1.1385,1.1393,1.1266,-0.98,1.4203,1.4274,1.428,1.4191,-0.5
"29","2016-04-14",1.1268,1.1274,1.1296,1.1234,-0.05,1.4154,1.4203,1.4212,1.4089,-0.34
"31","2016-04-15",1.1283,1.1271,1.132,1.1246,0.13,1.4195,1.4155,1.4241,1.4131,0.29
"35","2016-04-18",1.1314,1.1297,1.1334,1.1274,0.27,1.4278,1.4225,1.4294,1.4134,0.58
"38","2016-04-19",1.1358,1.1314,1.1387,1.1302,0.39,1.4393,1.4277,1.442,1.4267,0.81
"41","2016-04-20",1.1297,1.1356,1.1388,1.1288,-0.54,1.4333,1.4393,1.4411,1.4327,-0.42
"44","2016-04-21",1.1288,1.1297,1.1396,1.1272,-0.08,1.4323,1.4333,1.4441,1.43,-0.07
"46","2016-04-22",1.1234,1.1291,1.1312,1.122,-0.48,1.4403,1.4323,1.4451,1.4311,0.56
"50","2016-04-25",1.1266,1.1231,1.128,1.1216,0.28,1.4482,1.4414,1.4521,1.4402,0.55
"53","2016-04-26",1.1299,1.1264,1.1339,1.1255,0.29,1.4582,1.4483,1.464,1.4476,0.69
"56","2016-04-27",1.1321,1.1298,1.1363,1.1274,0.19,1.4543,1.4585,1.4624,1.4476,-0.27
"59","2016-04-28",1.1353,1.132,1.137,1.1296,0.28,1.461,1.4541,1.4623,1.4523,0.46
"61","2016-04-29",1.1456,1.1354,1.1461,1.1335,0.91,1.4613,1.4609,1.4671,1.4578,0.02
"523","2016-05-02",1.1532,1.1447,1.1539,1.1446,0.66,1.4673,1.4611,1.4697,1.4578,0.41
"526","2016-05-03",1.1497,1.1533,1.1616,1.1495,-0.3,1.4534,1.4673,1.477,1.4528,-0.95
"529","2016-05-04",1.1487,1.1496,1.153,1.1467,-0.09,1.4492,1.4536,1.4572,1.446,-0.29
"532","2016-05-05",1.1405,1.1486,1.1496,1.1385,-0.71,1.4486,1.4499,1.4533,1.4446,-0.04
"534","2016-05-06",1.1405,1.1408,1.1479,1.1387,0,1.443,1.4484,1.4544,1.4413,-0.39
"538","2016-05-09",1.1383,1.1401,1.1422,1.1375,-0.19,1.4407,1.4429,1.4479,1.4373,-0.16
"541","2016-05-10",1.1372,1.1385,1.1413,1.1361,-0.1,1.4441,1.4407,1.4478,1.4387,0.24
"544","2016-05-11",1.1427,1.1373,1.1448,1.1368,0.48,1.4448,1.4438,1.4488,1.4394,0.05
"547","2016-05-12",1.1377,1.1426,1.1434,1.1368,-0.44,1.445,1.445,1.4534,1.4409,0.01
"549","2016-05-13",1.1308,1.1378,1.1383,1.1284,-0.61,1.4362,1.445,1.4458,1.4339,-0.61
"553","2016-05-16",1.132,1.1311,1.1345,1.1302,0.11,1.4401,1.4352,1.4421,1.4335,0.27
"556","2016-05-17",1.1314,1.1321,1.135,1.1303,-0.05,1.4464,1.4398,1.4526,1.4393,0.44
"559","2016-05-18",1.1217,1.1313,1.1327,1.1212,-0.86,1.4596,1.4459,1.4635,1.4401,0.91
"562","2016-05-19",1.1203,1.1216,1.123,1.1179,-0.12,1.4612,1.46,1.4666,1.4564,0.11
"564","2016-05-20",1.1224,1.1204,1.1239,1.1194,0.19,1.4501,1.4611,1.4615,1.4482,-0.76
"568","2016-05-23",1.1219,1.1218,1.1246,1.1187,-0.04,1.4485,1.4506,1.455,1.4443,-0.11
"571","2016-05-24",1.1141,1.1219,1.1228,1.113,-0.7,1.4636,1.4488,1.4646,1.4474,1.04
"574","2016-05-25",1.1155,1.1141,1.1169,1.1128,0.13,1.4696,1.4636,1.473,1.4601,0.41
"577","2016-05-26",1.1194,1.1154,1.1218,1.1144,0.35,1.467,1.47,1.4744,1.4644,-0.18
"579","2016-05-27",1.1115,1.1193,1.1201,1.1107,-0.71,1.4625,1.4671,1.4693,1.4605,-0.31
"583","2016-05-30",1.1146,1.1117,1.1148,1.1099,0.28,1.4639,1.4624,1.4641,1.4586,0.1
"586","2016-05-31",1.1132,1.1138,1.1176,1.1123,-0.13,1.4478,1.4639,1.4724,1.4462,-1.1
"388","2016-06-01",1.1188,1.1133,1.1198,1.1114,0.5,1.4416,1.4479,1.4508,1.4386,-0.43
"391","2016-06-02",1.1151,1.1189,1.1221,1.1142,-0.33,1.4425,1.4417,1.4474,1.4405,0.06
"393","2016-06-03",1.1367,1.1152,1.1377,1.1136,1.94,1.452,1.4419,1.4582,1.4398,0.66
"397","2016-06-06",1.1355,1.1353,1.1396,1.1328,-0.11,1.4442,1.4519,1.4526,1.4356,-0.54
"400","2016-06-07",1.1358,1.1355,1.1382,1.1338,0.03,1.4544,1.4441,1.4645,1.4435,0.71
"403","2016-06-08",1.1394,1.1358,1.1412,1.1349,0.32,1.4502,1.4541,1.46,1.4497,-0.29
"406","2016-06-09",1.1316,1.1399,1.1417,1.1305,-0.68,1.4459,1.4501,1.4528,1.4447,-0.3
"408","2016-06-10",1.1251,1.1317,1.1329,1.1245,-0.57,1.4258,1.446,1.4474,1.4179,-1.39
"412","2016-06-13",1.1292,1.1253,1.1304,1.1233,0.36,1.4272,1.4257,1.4327,1.4113,0.1
"415","2016-06-14",1.1208,1.1293,1.1304,1.1188,-0.74,1.4117,1.4273,1.4273,1.4091,-1.09
"418","2016-06-15",1.1259,1.1205,1.1299,1.119,0.46,1.4205,1.4116,1.4222,1.4092,0.62
"421","2016-06-16",1.1226,1.126,1.1298,1.1132,-0.29,1.4203,1.4204,1.4253,1.4011,-0.01
"423","2016-06-17",1.1277,1.1226,1.1299,1.1221,0.45,1.4358,1.4204,1.4388,1.4196,1.09
"427","2016-06-20",1.1314,1.1285,1.1386,1.1284,0.33,1.4699,1.4354,1.4722,1.4354,2.37
"430","2016-06-21",1.1242,1.1312,1.1351,1.1241,-0.64,1.4647,1.47,1.4783,1.4614,-0.35
"433","2016-06-22",1.1297,1.1242,1.1339,1.1236,0.49,1.4708,1.4648,1.4777,1.4644,0.42
"436","2016-06-23",1.1388,1.1298,1.1424,1.1297,0.81,1.4879,1.4706,1.4947,1.47,1.16
"438","2016-06-24",1.1117,1.1392,1.1434,1.0911,-2.38,1.368,1.4872,1.502,1.3226,-8.06
"442","2016-06-27",1.1026,1.1072,1.1087,1.0972,-0.82,1.3219,1.3564,1.3564,1.3119,-3.37
"445","2016-06-28",1.1066,1.1025,1.1112,1.1007,0.36,1.3342,1.3225,1.342,1.3198,0.93
"448","2016-06-29",1.1125,1.1065,1.1131,1.1048,0.53,1.3426,1.3342,1.3535,1.3285,0.63
"451","2016-06-30",1.1105,1.1124,1.1157,1.1023,-0.18,1.3311,1.3433,1.35,1.3207,-0.86
"324","2016-07-01",1.1136,1.1104,1.1169,1.107,0.28,1.3262,1.3307,1.335,1.3244,-0.37
"328","2016-07-04",1.1156,1.1142,1.1166,1.1097,0.18,1.329,1.3247,1.334,1.3228,0.21
"331","2016-07-05",1.1076,1.1154,1.1184,1.1059,-0.72,1.3023,1.3289,1.3296,1.2999,-2.01
"334","2016-07-06",1.1099,1.1075,1.1112,1.103,0.21,1.2931,1.302,1.303,1.2798,-0.71
"337","2016-07-07",1.1063,1.1101,1.1113,1.1053,-0.32,1.291,1.2932,1.305,1.2874,-0.16
"339","2016-07-08",1.1055,1.1062,1.1115,1.1001,-0.07,1.2956,1.2909,1.3018,1.2878,0.36
"343","2016-07-11",1.1058,1.1052,1.1076,1.1016,0.03,1.2994,1.295,1.3018,1.285,0.29
"346","2016-07-12",1.1059,1.1058,1.1127,1.1051,0.01,1.3243,1.299,1.3296,1.2969,1.92
"349","2016-07-13",1.109,1.1061,1.1121,1.1043,0.28,1.3147,1.3248,1.3338,1.3132,-0.72
"352","2016-07-14",1.112,1.1089,1.1166,1.1085,0.27,1.3342,1.3146,1.3475,1.3106,1.48
"354","2016-07-15",1.1036,1.1118,1.115,1.1023,-0.76,1.3193,1.3342,1.3481,1.3132,-1.12
"358","2016-07-18",1.1074,1.1043,1.1086,1.1038,0.34,1.3256,1.3169,1.3313,1.3163,0.48
"361","2016-07-19",1.1022,1.1073,1.1086,1.0999,-0.47,1.3111,1.3255,1.3276,1.3072,-1.09
"364","2016-07-20",1.1015,1.102,1.1032,1.0981,-0.06,1.321,1.3111,1.3227,1.3063,0.76
"367","2016-07-21",1.1025,1.1013,1.106,1.0981,0.09,1.3234,1.3208,1.3276,1.3157,0.18
"369","2016-07-22",1.0976,1.103,1.1042,1.0954,-0.44,1.3111,1.3236,1.3294,1.3081,-0.93
"373","2016-07-25",1.0994,1.0972,1.1002,1.0954,0.16,1.3141,1.3112,1.3165,1.3094,0.23
"376","2016-07-26",1.0987,1.0997,1.1031,1.0978,-0.06,1.3132,1.3139,1.3179,1.3059,-0.07
"379","2016-07-27",1.1058,1.0985,1.1067,1.0962,0.65,1.3221,1.3132,1.3235,1.3071,0.68
"382","2016-07-28",1.1076,1.1058,1.1119,1.1049,0.16,1.3165,1.322,1.3249,1.3117,-0.42
"384","2016-07-29",1.1174,1.1079,1.12,1.1071,0.88,1.3231,1.3169,1.3305,1.315,0.5
"63","2016-08-01",1.1162,1.1177,1.1186,1.1157,-0.11,1.3178,1.3234,1.3276,1.3165,-0.4
"66","2016-08-02",1.1227,1.1162,1.1236,1.1156,0.58,1.3357,1.3181,1.3366,1.3172,1.36
"69","2016-08-03",1.1149,1.1224,1.1233,1.1139,-0.69,1.3328,1.3357,1.3373,1.328,-0.22
"72","2016-08-04",1.113,1.1149,1.1158,1.1114,-0.17,1.3108,1.3329,1.3349,1.3103,-1.65
"74","2016-08-05",1.1085,1.1127,1.1162,1.1043,-0.4,1.3073,1.311,1.3178,1.3023,-0.27
"78","2016-08-08",1.1093,1.1087,1.1107,1.1073,0.07,1.3039,1.3056,1.3097,1.3027,-0.26
"81","2016-08-09",1.1119,1.109,1.1124,1.107,0.23,1.3002,1.304,1.3053,1.2956,-0.28
"84","2016-08-10",1.1177,1.1118,1.1193,1.1102,0.52,1.3011,1.3005,1.3096,1.299,0.07
"87","2016-08-11",1.1137,1.1175,1.1194,1.1133,-0.36,1.2955,1.3006,1.3028,1.2935,-0.43
"89","2016-08-12",1.1161,1.1139,1.1224,1.113,0.22,1.2923,1.296,1.3039,1.2905,-0.25
"93","2016-08-15",1.1184,1.1162,1.1203,1.1153,0.21,1.288,1.292,1.2945,1.2864,-0.33
"96","2016-08-16",1.1278,1.1182,1.1324,1.1175,0.84,1.3045,1.2878,1.3052,1.2873,1.28
"99","2016-08-17",1.1288,1.1279,1.1318,1.1241,0.09,1.3042,1.3047,1.3089,1.2979,-0.02
"102","2016-08-18",1.1354,1.1293,1.1367,1.1283,0.58,1.3168,1.3043,1.3174,1.3033,0.97
"104","2016-08-19",1.1326,1.1351,1.1363,1.1303,-0.25,1.3075,1.3173,1.3186,1.3021,-0.71
"108","2016-08-22",1.1319,1.1305,1.1334,1.1273,-0.06,1.3139,1.306,1.3158,1.3028,0.49
"111","2016-08-23",1.1306,1.1321,1.1357,1.1302,-0.11,1.3196,1.3137,1.3215,1.3131,0.43
"114","2016-08-24",1.1263,1.1305,1.1316,1.1244,-0.38,1.3233,1.3193,1.3274,1.316,0.28
"117","2016-08-25",1.1283,1.1266,1.1301,1.1258,0.18,1.3191,1.3233,1.3264,1.3166,-0.32
"119","2016-08-26",1.1198,1.1284,1.1343,1.118,-0.75,1.3139,1.3191,1.3281,1.312,-0.39
"123","2016-08-29",1.1189,1.1192,1.1208,1.1157,-0.08,1.3103,1.3133,1.314,1.3057,-0.27
"126","2016-08-30",1.1143,1.1189,1.1198,1.113,-0.41,1.3083,1.311,1.3121,1.306,-0.15
"129","2016-08-31",1.1158,1.1143,1.1167,1.1123,0.13,1.3138,1.3077,1.3158,1.3065,0.42
"721","2016-09-01",1.1198,1.1157,1.1207,1.1128,0.36,1.3268,1.3139,1.3318,1.3125,0.99
"723","2016-09-02",1.1156,1.1197,1.1254,1.1151,-0.38,1.3293,1.3272,1.3356,1.3255,0.19
"727","2016-09-05",1.1147,1.1153,1.1185,1.114,-0.08,1.3304,1.3299,1.3379,1.3291,0.08
"730","2016-09-06",1.1256,1.1147,1.1266,1.114,0.98,1.3439,1.3303,1.3447,1.3295,1.01
"733","2016-09-07",1.1239,1.1255,1.1271,1.1228,-0.15,1.3338,1.3438,1.3441,1.3317,-0.75
"736","2016-09-08",1.1261,1.124,1.1329,1.1234,0.2,1.3296,1.3339,1.3377,1.3281,-0.31
"738","2016-09-09",1.1233,1.1262,1.1288,1.12,-0.25,1.3267,1.3299,1.3341,1.3242,-0.22
"742","2016-09-12",1.1234,1.1232,1.1269,1.1211,0.01,1.3338,1.3273,1.3351,1.3239,0.54
"745","2016-09-13",1.122,1.1236,1.1262,1.1203,-0.12,1.3195,1.3337,1.3344,1.3167,-1.07
"748","2016-09-14",1.125,1.1216,1.1274,1.1208,0.27,1.3235,1.3191,1.3242,1.3138,0.3
"751","2016-09-15",1.1244,1.1249,1.1286,1.122,-0.05,1.3238,1.3232,1.3279,1.3179,0.02
"753","2016-09-16",1.1155,1.1244,1.1256,1.1147,-0.79,1.3001,1.3241,1.3255,1.2998,-1.79
"757","2016-09-19",1.1174,1.1161,1.1198,1.1147,0.17,1.3027,1.2995,1.3093,1.2992,0.2
"760","2016-09-20",1.1155,1.1179,1.1216,1.1146,-0.17,1.2989,1.3029,1.3064,1.2946,-0.29
"763","2016-09-21",1.1189,1.1152,1.12,1.1123,0.3,1.3027,1.2989,1.3048,1.2945,0.29
"766","2016-09-22",1.1207,1.1193,1.1258,1.1181,0.16,1.3078,1.3036,1.3125,1.3028,0.39
"768","2016-09-23",1.1226,1.1209,1.1244,1.1195,0.17,1.2974,1.3071,1.309,1.2913,-0.8
"772","2016-09-26",1.1254,1.1221,1.1279,1.122,0.25,1.2975,1.2952,1.2988,1.2914,0.01
"775","2016-09-27",1.1215,1.1253,1.1262,1.119,-0.35,1.3022,1.2975,1.3027,1.2936,0.36
"778","2016-09-28",1.1216,1.1214,1.1238,1.1181,0.01,1.3019,1.3023,1.3033,1.2979,-0.02
"781","2016-09-29",1.1223,1.1217,1.1251,1.1197,0.06,1.297,1.3016,1.306,1.2953,-0.38
"783","2016-09-30",1.1241,1.1225,1.1253,1.1153,0.16,1.2976,1.2969,1.3023,1.2936,0.05
"658","2016-10-03",1.1211,1.1235,1.1245,1.1205,-0.27,1.2843,1.294,1.2948,1.2817,-1.02
"661","2016-10-04",1.1204,1.1211,1.124,1.1138,-0.06,1.2728,1.2842,1.2862,1.2717,-0.9
"664","2016-10-05",1.1205,1.1205,1.1238,1.1191,0.01,1.2749,1.2728,1.2772,1.2684,0.16
"667","2016-10-06",1.1151,1.1205,1.1214,1.1139,-0.48,1.2616,1.2746,1.2761,1.2601,-1.04
"669","2016-10-07",1.1201,1.1151,1.1207,1.1103,0.45,1.2434,1.2616,1.2626,1.1452,-1.44
"673","2016-10-10",1.1138,1.1196,1.1202,1.1128,-0.56,1.2363,1.2435,1.2453,1.2347,-0.57
"676","2016-10-11",1.1054,1.1136,1.1144,1.1047,-0.75,1.2123,1.2367,1.2377,1.2091,-1.94
"679","2016-10-12",1.1008,1.1053,1.1072,1.1003,-0.42,1.2208,1.2123,1.2328,1.2105,0.7
"682","2016-10-13",1.1057,1.1004,1.1058,1.0982,0.45,1.2255,1.221,1.2275,1.2134,0.38
"684","2016-10-14",1.0971,1.1056,1.1062,1.0968,-0.78,1.2187,1.2259,1.2263,1.2168,-0.55
"688","2016-10-17",1.0999,1.0975,1.1011,1.0964,0.26,1.2184,1.2188,1.2204,1.2136,-0.02
"691","2016-10-18",1.098,1.1,1.1029,1.097,-0.17,1.2297,1.2181,1.2327,1.2174,0.93
"694","2016-10-19",1.0974,1.098,1.1005,1.0955,-0.05,1.2286,1.2297,1.2334,1.2257,-0.09
"697","2016-10-20",1.093,1.0974,1.1041,1.0916,-0.4,1.2252,1.2285,1.23,1.221,-0.28
"699","2016-10-21",1.0884,1.0929,1.0933,1.0859,-0.42,1.2235,1.2254,1.2263,1.2171,-0.14
"703","2016-10-24",1.0883,1.0879,1.0903,1.0861,-0.01,1.2239,1.2224,1.2253,1.2186,0.03
"706","2016-10-25",1.0888,1.0882,1.0906,1.085,0.05,1.2188,1.2237,1.2245,1.2083,-0.42
"709","2016-10-26",1.0909,1.0889,1.0947,1.0872,0.19,1.2248,1.2189,1.2251,1.2154,0.49
"712","2016-10-27",1.0897,1.0909,1.0945,1.0884,-0.11,1.2163,1.2248,1.2271,1.2148,-0.69
"714","2016-10-28",1.0987,1.0899,1.0995,1.0893,0.83,1.2185,1.2164,1.2217,1.2117,0.18
"718","2016-10-31",1.0981,1.0986,1.0994,1.0936,-0.05,1.2244,1.2179,1.2251,1.2143,0.48
"589","2016-11-01",1.1056,1.0981,1.1072,1.0958,0.68,1.2243,1.2237,1.2282,1.2206,-0.01
"592","2016-11-02",1.1097,1.1056,1.1125,1.1051,0.37,1.2303,1.2243,1.236,1.2224,0.49
"595","2016-11-03",1.1105,1.1099,1.1128,1.1059,0.07,1.2462,1.2302,1.2496,1.2295,1.29
"597","2016-11-04",1.1138,1.1105,1.1146,1.108,0.3,1.2519,1.2462,1.2559,1.2448,0.46
"601","2016-11-07",1.104,1.1137,1.1139,1.1029,-0.88,1.2398,1.2513,1.2527,1.2379,-0.97
"604","2016-11-08",1.1026,1.1042,1.107,1.1008,-0.13,1.2381,1.2393,1.2444,1.2362,-0.14
"607","2016-11-09",1.091,1.1023,1.13,1.0902,-1.05,1.2406,1.2373,1.2549,1.2351,0.2
"610","2016-11-10",1.0893,1.0911,1.0958,1.0866,-0.16,1.2555,1.2405,1.2585,1.2374,1.2
"612","2016-11-11",1.0856,1.0897,1.0929,1.0833,-0.34,1.2602,1.2554,1.2675,1.2524,0.37
"616","2016-11-14",1.0737,1.085,1.0852,1.0709,-1.1,1.2487,1.2593,1.2614,1.2441,-0.91
"619","2016-11-15",1.0721,1.0736,1.0817,1.0712,-0.15,1.2456,1.2489,1.2531,1.2382,-0.25
"622","2016-11-16",1.069,1.0724,1.0763,1.0668,-0.29,1.2443,1.2456,1.2504,1.241,-0.1
"625","2016-11-17",1.0626,1.069,1.0746,1.0617,-0.6,1.2416,1.2443,1.2507,1.2407,-0.22
"627","2016-11-18",1.0588,1.0625,1.0645,1.057,-0.36,1.2346,1.2418,1.2438,1.23,-0.56
"631","2016-11-21",1.063,1.0583,1.0652,1.0578,0.4,1.2493,1.2348,1.2514,1.2311,1.19
"634","2016-11-22",1.0626,1.0627,1.066,1.0583,-0.04,1.2424,1.2497,1.2514,1.2383,-0.55
"637","2016-11-23",1.0559,1.063,1.0647,1.0527,-0.63,1.244,1.2425,1.247,1.2359,0.13
"640","2016-11-24",1.0554,1.0554,1.0587,1.0517,-0.05,1.2452,1.2442,1.2499,1.2402,0.1
"642","2016-11-25",1.0587,1.0551,1.0631,1.0538,0.31,1.2476,1.245,1.2491,1.2415,0.19
"646","2016-11-28",1.0615,1.0595,1.0686,1.0562,0.26,1.2415,1.247,1.2533,1.2385,-0.49
"649","2016-11-29",1.065,1.0615,1.0657,1.0565,0.33,1.249,1.2414,1.2527,1.2386,0.6
"652","2016-11-30",1.0588,1.0649,1.0669,1.0554,-0.58,1.2505,1.249,1.2524,1.2416,0.12
"132","2016-12-01",1.0662,1.059,1.067,1.0584,0.7,1.2593,1.2506,1.2697,1.25,0.7
"134","2016-12-02",1.0673,1.0662,1.0692,1.0626,0.1,1.2729,1.2599,1.2747,1.2574,1.08
"138","2016-12-05",1.0764,1.0674,1.0798,1.0505,0.85,1.2733,1.2727,1.2746,1.2625,0.03
"141","2016-12-06",1.0719,1.0764,1.0787,1.0698,-0.42,1.2677,1.2729,1.2776,1.2655,-0.44
"144","2016-12-07",1.0753,1.0721,1.077,1.0709,0.32,1.2622,1.2678,1.2685,1.2569,-0.43
"147","2016-12-08",1.0615,1.0754,1.0873,1.0595,-1.28,1.2586,1.2626,1.2706,1.2547,-0.29
"149","2016-12-09",1.0562,1.0618,1.0632,1.0531,-0.5,1.2576,1.2589,1.2623,1.255,-0.08
"153","2016-12-12",1.0635,1.0551,1.0652,1.0523,0.69,1.268,1.2575,1.2704,1.2556,0.83
"156","2016-12-13",1.0627,1.0635,1.0668,1.0603,-0.08,1.2658,1.2675,1.2729,1.2651,-0.17
"159","2016-12-14",1.0536,1.0627,1.0671,1.0495,-0.86,1.2565,1.2659,1.2721,1.2529,-0.73
"162","2016-12-15",1.0414,1.0536,1.0544,1.0366,-1.16,1.2419,1.256,1.2572,1.2376,-1.16
"164","2016-12-16",1.0451,1.0419,1.0477,1.0402,0.36,1.2497,1.2427,1.2519,1.2389,0.63
"168","2016-12-19",1.0402,1.0442,1.0479,1.0391,-0.47,1.24,1.2493,1.2504,1.2355,-0.78
"171","2016-12-20",1.0387,1.0405,1.0419,1.0352,-0.14,1.2367,1.2401,1.2414,1.2313,-0.27
"174","2016-12-21",1.0425,1.039,1.0453,1.0381,0.37,1.2354,1.2364,1.2393,1.2323,-0.11
"177","2016-12-22",1.0437,1.0423,1.0501,1.0421,0.12,1.2283,1.235,1.2379,1.2274,-0.57
"179","2016-12-23",1.0456,1.0437,1.047,1.0427,0.18,1.2292,1.2283,1.2301,1.2228,0.07
"183","2016-12-26",1.0456,1.0454,1.0473,1.0439,0,1.2288,1.2269,1.2314,1.2264,-0.03
"186","2016-12-27",1.0457,1.0453,1.0465,1.0431,0.01,1.2271,1.2284,1.229,1.2237,-0.14
"189","2016-12-28",1.0412,1.0458,1.0483,1.0373,-0.43,1.2226,1.2269,1.2298,1.2199,-0.37
"192","2016-12-29",1.0492,1.0417,1.0494,1.0406,0.77,1.2263,1.2228,1.228,1.2212,0.3
"194","2016-12-30",1.0516,1.0492,1.0654,1.0482,0.23,1.2338,1.2263,1.2389,1.2245,0.61
"260","2017-01-02",1.0459,1.0532,1.0534,1.0449,-0.54,1.2275,1.2345,1.2354,1.2268,-0.51
"262","2017-01-03",1.0406,1.0455,1.0492,1.0341,-0.51,1.2239,1.2274,1.2308,1.22,-0.29
"265","2017-01-04",1.0488,1.0405,1.0501,1.0389,0.79,1.2322,1.2237,1.2356,1.2222,0.68
"268","2017-01-05",1.0607,1.0493,1.0619,1.0482,1.13,1.2418,1.2326,1.2436,1.2272,0.78
"271","2017-01-06",1.0533,1.0606,1.0624,1.0523,-0.7,1.2287,1.2424,1.2437,1.2264,-1.05
"275","2017-01-09",1.0574,1.0539,1.0584,1.051,0.39,1.2162,1.2268,1.2273,1.2124,-1.02
"277","2017-01-10",1.0554,1.0573,1.0628,1.0551,-0.19,1.2177,1.2162,1.2191,1.2105,0.12
"280","2017-01-11",1.0582,1.0556,1.0624,1.0454,0.27,1.2212,1.2176,1.227,1.2037,0.29
"283","2017-01-12",1.0613,1.0582,1.0687,1.0573,0.29,1.2163,1.2208,1.2318,1.215,-0.4
"286","2017-01-13",1.0644,1.0612,1.0674,1.0598,0.29,1.2179,1.2158,1.2234,1.2122,0.13
"290","2017-01-16",1.0603,1.0618,1.0638,1.058,-0.39,1.2048,1.2064,1.209,1.1985,-1.08
"292","2017-01-17",1.0714,1.0599,1.0719,1.0595,1.05,1.2413,1.2044,1.2415,1.2014,3.03
"295","2017-01-18",1.0631,1.0713,1.0716,1.0624,-0.77,1.2259,1.2414,1.2417,1.2252,-1.24
"298","2017-01-19",1.0664,1.0629,1.0677,1.0588,0.31,1.2342,1.2257,1.2343,1.2251,0.68
"301","2017-01-20",1.0703,1.0667,1.0713,1.0627,0.37,1.2375,1.2342,1.2381,1.226,0.27
"305","2017-01-23",1.0765,1.0687,1.0773,1.0686,0.58,1.2535,1.2363,1.2546,1.2356,1.29
"307","2017-01-24",1.0731,1.0763,1.0775,1.0718,-0.32,1.2521,1.2534,1.2546,1.2415,-0.11
"310","2017-01-25",1.0748,1.0734,1.0773,1.0713,0.16,1.2634,1.2525,1.2643,1.2492,0.9
"313","2017-01-26",1.0682,1.0746,1.0767,1.0657,-0.61,1.2593,1.2638,1.268,1.2562,-0.32
"316","2017-01-27",1.0699,1.0685,1.0729,1.0661,0.16,1.2555,1.2599,1.2614,1.2523,-0.3
"320","2017-01-30",1.0695,1.0692,1.0742,1.0619,-0.04,1.2486,1.2552,1.2604,1.2466,-0.55
"322","2017-01-31",1.0798,1.0695,1.0814,1.0684,0.96,1.2579,1.2485,1.2598,1.2412,0.74
"197","2017-02-01",1.0769,1.0798,1.081,1.0731,-0.27,1.2658,1.2587,1.2686,1.2549,0.63
"200","2017-02-02",1.0758,1.0767,1.0829,1.0753,-0.1,1.2528,1.2664,1.2715,1.2522,-1.03
"203","2017-02-03",1.0784,1.0759,1.08,1.0714,0.24,1.2488,1.2525,1.2539,1.2458,-0.32
"207","2017-02-06",1.075,1.0781,1.0801,1.0703,-0.32,1.247,1.2491,1.251,1.2424,-0.14
"209","2017-02-07",1.0681,1.075,1.0751,1.0654,-0.64,1.2511,1.2465,1.2547,1.2346,0.33
"212","2017-02-08",1.0698,1.0682,1.0715,1.0639,0.16,1.2539,1.2508,1.2551,1.2474,0.22
"215","2017-02-09",1.0656,1.0699,1.0711,1.065,-0.39,1.2496,1.2542,1.2585,1.249,-0.34
"218","2017-02-10",1.0641,1.0658,1.067,1.0609,-0.14,1.2491,1.2498,1.2524,1.2438,-0.04
"222","2017-02-13",1.0598,1.0634,1.0658,1.0592,-0.4,1.2528,1.2474,1.2541,1.247,0.3
"224","2017-02-14",1.0577,1.0596,1.0634,1.0559,-0.2,1.247,1.2526,1.255,1.2443,-0.46
"227","2017-02-15",1.0601,1.0577,1.0611,1.0523,0.23,1.2459,1.2471,1.2482,1.2381,-0.09
"230","2017-02-16",1.0674,1.06,1.0682,1.0588,0.69,1.249,1.2462,1.2527,1.2454,0.25
"233","2017-02-17",1.0614,1.0675,1.0679,1.0605,-0.56,1.2414,1.249,1.2513,1.2388,-0.61
"237","2017-02-20",1.0614,1.0618,1.0637,1.0606,0,1.2461,1.241,1.2483,1.2401,0.38
"239","2017-02-21",1.0537,1.0611,1.0618,1.0526,-0.73,1.2473,1.2458,1.2482,1.2398,0.1
"242","2017-02-22",1.0556,1.0534,1.0574,1.0493,0.18,1.2451,1.2471,1.2509,1.2423,-0.18
"245","2017-02-23",1.0581,1.0557,1.0597,1.0538,0.24,1.2555,1.2443,1.2562,1.2428,0.84
"248","2017-02-24",1.0563,1.0583,1.062,1.0557,-0.17,1.2468,1.2554,1.2572,1.2447,-0.69
"252","2017-02-27",1.0588,1.0562,1.0633,1.0552,0.24,1.2444,1.2467,1.2486,1.2384,-0.19
"254","2017-02-28",1.0577,1.0587,1.0632,1.057,-0.1,1.2381,1.2443,1.247,1.2369,-0.51
"454","2017-03-01",1.0548,1.0575,1.059,1.0514,-0.27,1.2295,1.2382,1.2406,1.2279,-0.69
"457","2017-03-02",1.0507,1.0547,1.0552,1.0493,-0.39,1.2267,1.2289,1.2308,1.2242,-0.23
"460","2017-03-03",1.0623,1.0508,1.0626,1.0502,1.1,1.2295,1.227,1.2304,1.2217,0.23
"463","2017-03-06",1.0581,1.0617,1.0643,1.0575,-0.4,1.2236,1.2294,1.2302,1.2223,-0.48
"466","2017-03-07",1.0566,1.0583,1.0603,1.0557,-0.14,1.22,1.2235,1.2253,1.2168,-0.29
"469","2017-03-08",1.0541,1.0566,1.0576,1.0535,-0.24,1.217,1.2199,1.2216,1.214,-0.25
"472","2017-03-09",1.0577,1.0541,1.0617,1.0525,0.34,1.2167,1.2166,1.2195,1.2134,-0.02
"475","2017-03-10",1.0672,1.0577,1.0702,1.0572,0.9,1.2171,1.2168,1.219,1.214,0.03
"478","2017-03-13",1.0654,1.0672,1.0715,1.065,-0.17,1.2219,1.2162,1.2252,1.2149,0.39
"481","2017-03-14",1.0604,1.0655,1.0664,1.0599,-0.47,1.2154,1.2219,1.2228,1.2108,-0.53
"484","2017-03-15",1.0735,1.0604,1.0742,1.0603,1.24,1.2292,1.2153,1.2309,1.2139,1.14
"487","2017-03-16",1.0766,1.0734,1.0772,1.0706,0.29,1.236,1.2289,1.2378,1.2241,0.55
"490","2017-03-17",1.0738,1.0765,1.0784,1.0728,-0.26,1.2394,1.2359,1.2406,1.2323,0.28
"493","2017-03-20",1.0739,1.074,1.0779,1.0725,0.01,1.2358,1.24,1.2437,1.2335,-0.29
"496","2017-03-21",1.0811,1.074,1.0822,1.072,0.67,1.2479,1.2358,1.2496,1.234,0.98
"499","2017-03-22",1.0797,1.081,1.0827,1.0776,-0.13,1.2484,1.2477,1.2507,1.2423,0.04
"502","2017-03-23",1.0783,1.0797,1.0807,1.0769,-0.13,1.2521,1.2484,1.2532,1.2461,0.3
"505","2017-03-24",1.0799,1.0784,1.082,1.0761,0.15,1.247,1.2521,1.2524,1.2468,-0.41
"508","2017-03-27",1.0865,1.0797,1.0905,1.0795,0.61,1.2556,1.2487,1.2618,1.2476,0.69
"511","2017-03-28",1.0813,1.0864,1.0873,1.0797,-0.48,1.245,1.2559,1.2598,1.2439,-0.84
"514","2017-03-29",1.0767,1.0811,1.0827,1.0739,-0.43,1.2434,1.2447,1.2476,1.2377,-0.13
"517","2017-03-30",1.0675,1.0765,1.0772,1.0671,-0.85,1.2469,1.2433,1.2529,1.2405,0.28
"520","2017-03-31",1.0652,1.0675,1.0705,1.0652,-0.22,1.255,1.2472,1.2562,1.2436,0.65
"3","2017-04-03",1.0671,1.066,1.0683,1.0643,0.18,1.2487,1.254,1.2556,1.2464,-0.5
"6","2017-04-04",1.0674,1.0669,1.0678,1.0635,0.03,1.2441,1.2488,1.2496,1.2418,-0.37
"9","2017-04-05",1.0663,1.0672,1.069,1.0633,-0.1,1.2483,1.244,1.2501,1.2423,0.34
"12","2017-04-06",1.0644,1.0663,1.0687,1.063,-0.18,1.247,1.2486,1.2508,1.2451,-0.1
"15","2017-04-07",1.059,1.0644,1.0668,1.058,-0.51,1.2373,1.2468,1.2478,1.2363,-0.78
"18","2017-04-10",1.0596,1.0593,1.0609,1.0571,0.06,1.2414,1.2384,1.2432,1.2367,0.33
"21","2017-04-11",1.0602,1.0595,1.0631,1.0577,0.06,1.2491,1.2412,1.2497,1.2404,0.62
"24","2017-04-12",1.0666,1.0606,1.0677,1.0589,0.6,1.254,1.2491,1.255,1.2479,0.39
"27","2017-04-13",1.0614,1.0664,1.0679,1.0609,-0.49,1.2506,1.2537,1.2575,1.2497,-0.27
"30","2017-04-14",1.0612,1.0615,1.0633,1.0607,-0.02,1.2524,1.2503,1.2537,1.25,0.14
"33","2017-04-17",1.0643,1.0615,1.0674,1.0603,0.29,1.2565,1.2531,1.2599,1.2526,0.33
"36","2017-04-18",1.0734,1.0643,1.0737,1.0636,0.86,1.2841,1.2569,1.2909,1.2518,2.2
"39","2017-04-19",1.0711,1.073,1.0738,1.07,-0.21,1.2779,1.2839,1.2862,1.2768,-0.48
"42","2017-04-20",1.0717,1.0711,1.078,1.0709,0.06,1.2813,1.2782,1.2851,1.2775,0.27
"45","2017-04-21",1.0728,1.0719,1.0739,1.0682,0.1,1.2813,1.2813,1.2835,1.2759,0
"48","2017-04-24",1.0868,1.089,1.0936,1.0819,1.3,1.2794,1.2842,1.2871,1.277,-0.15
"51","2017-04-25",1.0926,1.0868,1.0951,1.0851,0.53,1.2841,1.2795,1.2846,1.2772,0.37
"54","2017-04-26",1.0903,1.0924,1.0951,1.0856,-0.21,1.2847,1.284,1.2864,1.2804,0.05
"57","2017-04-27",1.0873,1.0903,1.0933,1.0851,-0.28,1.2904,1.2846,1.2916,1.2836,0.44
"60","2017-04-28",1.0897,1.0877,1.0949,1.0857,0.22,1.2951,1.2908,1.297,1.2889,0.36
"521","2017-05-01",1.0899,1.0906,1.0924,1.0883,0.02,1.2886,1.2951,1.2955,1.2879,-0.5
"524","2017-05-02",1.093,1.0901,1.0936,1.0889,0.28,1.2938,1.2888,1.2943,1.2865,0.4
"527","2017-05-03",1.0885,1.093,1.0939,1.0883,-0.41,1.2867,1.294,1.2953,1.2865,-0.55
"530","2017-05-04",1.0984,1.0884,1.0987,1.0874,0.91,1.2921,1.2864,1.2931,1.283,0.42
"533","2017-05-05",1.0998,1.0991,1.1002,1.0951,0.13,1.2981,1.292,1.2985,1.29,0.46
"536","2017-05-08",1.0924,1.0998,1.1024,1.0917,-0.67,1.294,1.2981,1.2992,1.2929,-0.32
"539","2017-05-09",1.0874,1.0923,1.0935,1.0862,-0.46,1.2935,1.2944,1.2961,1.2902,-0.04
"542","2017-05-10",1.0868,1.0874,1.09,1.0853,-0.06,1.2938,1.2933,1.2989,1.2926,0.02
"545","2017-05-11",1.0861,1.0869,1.0894,1.0838,-0.06,1.2886,1.2942,1.2953,1.2852,-0.4
"548","2017-05-12",1.0931,1.0863,1.0937,1.0857,0.64,1.2891,1.2886,1.29,1.2843,0.04
"551","2017-05-15",1.0975,1.0926,1.0991,1.0922,0.4,1.2893,1.2888,1.294,1.2873,0.02
"554","2017-05-16",1.1082,1.0976,1.1098,1.0972,0.97,1.2917,1.2896,1.2958,1.2866,0.19
"557","2017-05-17",1.1159,1.1083,1.1163,1.1079,0.69,1.2973,1.2918,1.2994,1.2907,0.43
"560","2017-05-18",1.1103,1.116,1.1173,1.1075,-0.5,1.2939,1.2969,1.3051,1.2893,-0.26
"563","2017-05-19",1.1207,1.1103,1.1214,1.1097,0.94,1.3035,1.2936,1.304,1.2927,0.74
"566","2017-05-22",1.1238,1.1202,1.1265,1.1162,0.28,1.3,1.3007,1.3044,1.2965,-0.27
"569","2017-05-23",1.1183,1.1237,1.1268,1.1174,-0.49,1.2962,1.3,1.3036,1.2954,-0.29
"572","2017-05-24",1.1219,1.1184,1.1222,1.1169,0.32,1.2974,1.2961,1.3,1.2925,0.09
"575","2017-05-25",1.1211,1.1219,1.1252,1.1194,-0.07,1.294,1.2969,1.3013,1.2929,-0.26
"578","2017-05-26",1.1183,1.1211,1.1235,1.1159,-0.25,1.2804,1.2942,1.2949,1.2773,-1.05
"581","2017-05-29",1.1165,1.1179,1.1192,1.116,-0.16,1.2841,1.2807,1.2853,1.2791,0.29
"584","2017-05-30",1.1185,1.1165,1.1207,1.1111,0.18,1.2858,1.2837,1.289,1.2792,0.13
"587","2017-05-31",1.1243,1.1186,1.1255,1.1165,0.52,1.289,1.2859,1.2921,1.2769,0.25
"389","2017-06-01",1.1213,1.1242,1.1258,1.1203,-0.27,1.2881,1.2889,1.2916,1.283,-0.07
"392","2017-06-02",1.1282,1.1213,1.1287,1.1205,0.62,1.2887,1.2881,1.2908,1.2849,0.05
"395","2017-06-05",1.1255,1.128,1.1285,1.1236,-0.24,1.2903,1.285,1.2942,1.2847,0.12
"398","2017-06-06",1.1278,1.1254,1.1285,1.124,0.2,1.2911,1.2905,1.2953,1.2874,0.06
"401","2017-06-07",1.1257,1.1277,1.1284,1.1205,-0.19,1.2961,1.2912,1.2969,1.2887,0.39
"404","2017-06-08",1.1214,1.1257,1.127,1.1195,-0.38,1.2953,1.2961,1.2979,1.2907,-0.06
"407","2017-06-09",1.1196,1.1217,1.124,1.1168,-0.16,1.2745,1.2958,1.2964,1.2637,-1.61
"410","2017-06-12",1.1203,1.1196,1.1235,1.1193,0.06,1.2656,1.2731,1.2771,1.2637,-0.7
"413","2017-06-13",1.1216,1.1203,1.1225,1.1184,0.12,1.2753,1.266,1.2759,1.2642,0.77
"416","2017-06-14",1.1218,1.121,1.1296,1.1191,0.02,1.2752,1.2755,1.2818,1.2722,-0.01
"419","2017-06-15",1.1145,1.1219,1.1231,1.1132,-0.65,1.2755,1.275,1.2796,1.2689,0.02
"422","2017-06-16",1.1198,1.1142,1.1201,1.1138,0.48,1.2776,1.2754,1.2806,1.2748,0.16
"425","2017-06-19",1.1148,1.1199,1.1214,1.1141,-0.45,1.2736,1.2787,1.2817,1.2724,-0.31
"428","2017-06-20",1.1135,1.1147,1.1165,1.1118,-0.12,1.2631,1.2732,1.2758,1.2603,-0.82
"431","2017-06-21",1.1168,1.1133,1.1171,1.1128,0.3,1.2671,1.2631,1.2712,1.2591,0.32
"434","2017-06-22",1.1153,1.1167,1.1179,1.114,-0.13,1.2682,1.267,1.2692,1.2652,0.09
"437","2017-06-23",1.1194,1.1152,1.1211,1.1145,0.37,1.2718,1.2681,1.2745,1.2673,0.28
"440","2017-06-26",1.1182,1.1202,1.1222,1.1173,-0.11,1.2721,1.2729,1.276,1.2704,0.02
"443","2017-06-27",1.1339,1.1183,1.1351,1.1178,1.4,1.2816,1.2723,1.286,1.2716,0.75
"446","2017-06-28",1.1378,1.1339,1.1392,1.1292,0.34,1.2926,1.2817,1.2974,1.2792,0.86
"449","2017-06-29",1.1441,1.1376,1.1446,1.1373,0.55,1.3006,1.2923,1.3013,1.2919,0.62
"452","2017-06-30",1.1426,1.1442,1.1448,1.1393,-0.13,1.3027,1.3005,1.3032,1.2948,0.16
"326","2017-07-03",1.1364,1.1422,1.1431,1.1357,-0.54,1.2937,1.3011,1.3024,1.293,-0.69
"329","2017-07-04",1.1345,1.1366,1.138,1.1339,-0.17,1.292,1.294,1.2962,1.2913,-0.13
"332","2017-07-05",1.1353,1.1345,1.1369,1.1312,0.07,1.2935,1.2917,1.295,1.2892,0.12
"335","2017-07-06",1.1423,1.1351,1.1425,1.1329,0.62,1.2971,1.2936,1.2984,1.2919,0.28
"338","2017-07-07",1.1401,1.1423,1.144,1.1379,-0.19,1.2892,1.2969,1.2977,1.2867,-0.61
"341","2017-07-10",1.14,1.1391,1.1418,1.1381,-0.01,1.2879,1.2886,1.2912,1.2857,-0.1
"344","2017-07-11",1.1467,1.14,1.1482,1.1383,0.59,1.2849,1.2885,1.2932,1.2833,-0.23
"347","2017-07-12",1.1412,1.1467,1.1491,1.1392,-0.48,1.2885,1.2848,1.2908,1.2811,0.28
"350","2017-07-13",1.1399,1.1413,1.1459,1.1373,-0.11,1.2939,1.2887,1.2958,1.2879,0.42
"353","2017-07-14",1.1469,1.14,1.1473,1.1392,0.61,1.3096,1.2935,1.3115,1.2933,1.21
"356","2017-07-17",1.1479,1.1462,1.1487,1.1434,0.09,1.3055,1.31,1.3113,1.3045,-0.31
"359","2017-07-18",1.1555,1.148,1.1585,1.1473,0.66,1.304,1.3057,1.3127,1.3004,-0.11
"362","2017-07-19",1.1516,1.1554,1.1559,1.1509,-0.34,1.3018,1.3037,1.3053,1.3009,-0.17
"365","2017-07-20",1.1631,1.1513,1.1657,1.1479,1,1.2974,1.3024,1.3038,1.2934,-0.34
"368","2017-07-21",1.1663,1.1634,1.1684,1.162,0.28,1.2995,1.2975,1.3023,1.2954,0.16
"371","2017-07-24",1.1642,1.1662,1.1688,1.1628,-0.18,1.3029,1.2986,1.3058,1.2986,0.26
"374","2017-07-25",1.1652,1.164,1.1712,1.163,0.09,1.3026,1.303,1.3086,1.3007,-0.02
"377","2017-07-26",1.1734,1.1648,1.1741,1.1613,0.7,1.3121,1.3021,1.3125,1.3001,0.73
"380","2017-07-27",1.1677,1.1734,1.1777,1.1649,-0.49,1.3067,1.3119,1.3157,1.3052,-0.41
"383","2017-07-28",1.1752,1.1677,1.1765,1.1671,0.64,1.3135,1.3067,1.3155,1.306,0.52
"386","2017-07-31",1.1842,1.1737,1.1847,1.1723,0.77,1.3214,1.3131,1.3225,1.3096,0.6
"64","2017-08-01",1.1802,1.1841,1.1845,1.1784,-0.34,1.3203,1.3216,1.3249,1.3193,-0.08
"67","2017-08-02",1.1856,1.1802,1.1911,1.1794,0.46,1.3223,1.3203,1.3252,1.3189,0.15
"70","2017-08-03",1.187,1.1856,1.1894,1.1831,0.12,1.3139,1.3221,1.3266,1.3112,-0.64
"73","2017-08-04",1.1772,1.1871,1.1893,1.1731,-0.83,1.3036,1.3135,1.3166,1.3022,-0.78
"76","2017-08-07",1.1796,1.1768,1.1816,1.1767,0.2,1.3035,1.3028,1.3063,1.3014,-0.01
"79","2017-08-08",1.175,1.1794,1.1825,1.1714,-0.39,1.2991,1.3035,1.3055,1.2952,-0.34
"82","2017-08-09",1.1759,1.1752,1.1765,1.1689,0.08,1.3005,1.2989,1.3029,1.2966,0.11
"85","2017-08-10",1.1772,1.1759,1.1786,1.1704,0.11,1.2975,1.3,1.3017,1.2951,-0.23
"88","2017-08-11",1.1821,1.1771,1.1846,1.1747,0.42,1.3012,1.2976,1.3031,1.2938,0.29
"91","2017-08-14",1.178,1.1806,1.184,1.177,-0.35,1.2965,1.2994,1.3024,1.2957,-0.36
"94","2017-08-15",1.1735,1.178,1.1794,1.1688,-0.38,1.287,1.2964,1.2971,1.2845,-0.73
"97","2017-08-16",1.177,1.1734,1.178,1.1682,0.3,1.289,1.287,1.2905,1.2842,0.16
"100","2017-08-17",1.1724,1.1767,1.179,1.1662,-0.39,1.2869,1.2894,1.2914,1.2855,-0.16
"103","2017-08-18",1.1762,1.1723,1.1775,1.1707,0.32,1.2876,1.2869,1.292,1.2834,0.05
"106","2017-08-21",1.1816,1.175,1.183,1.1731,0.46,1.2901,1.287,1.2918,1.2849,0.19
"109","2017-08-22",1.1762,1.1815,1.1826,1.1745,-0.46,1.2824,1.2897,1.291,1.2809,-0.6
"112","2017-08-23",1.1807,1.1763,1.1825,1.1741,0.38,1.28,1.2824,1.2835,1.2779,-0.19
"115","2017-08-24",1.1799,1.1807,1.1821,1.1784,-0.07,1.28,1.2796,1.2837,1.2771,0
"118","2017-08-25",1.1926,1.1799,1.1942,1.1773,1.08,1.2887,1.2799,1.2891,1.2793,0.68
"121","2017-08-28",1.1979,1.1926,1.1985,1.1917,0.44,1.2933,1.2902,1.2948,1.2873,0.36
"124","2017-08-29",1.1972,1.1978,1.2069,1.1945,-0.06,1.292,1.2931,1.2979,1.2914,-0.1
"127","2017-08-30",1.1883,1.1974,1.1986,1.1881,-0.74,1.2926,1.2918,1.2939,1.2877,0.05
"130","2017-08-31",1.191,1.1884,1.1914,1.1823,0.23,1.2931,1.2928,1.2935,1.2851,0.04
"722","2017-09-01",1.1859,1.1911,1.1981,1.185,-0.43,1.2951,1.2931,1.2996,1.2904,0.15
"725","2017-09-04",1.1896,1.1858,1.1923,1.1853,0.31,1.2932,1.2958,1.2967,1.2911,-0.15
"728","2017-09-05",1.1914,1.1896,1.1941,1.1868,0.15,1.3033,1.2927,1.3044,1.2909,0.78
"731","2017-09-06",1.1917,1.1914,1.1951,1.1903,0.03,1.3043,1.3032,1.3084,1.3018,0.08
"734","2017-09-07",1.2023,1.1917,1.2061,1.1914,0.89,1.3101,1.3043,1.3117,1.3032,0.44
"737","2017-09-08",1.2035,1.2024,1.2094,1.2016,0.1,1.3198,1.31,1.3225,1.3093,0.74
"740","2017-09-11",1.1953,1.2041,1.2041,1.1948,-0.68,1.3163,1.3203,1.3223,1.3159,-0.27
"743","2017-09-12",1.1967,1.1953,1.198,1.1926,0.12,1.3284,1.3163,1.33,1.316,0.92
"746","2017-09-13",1.1886,1.1967,1.1995,1.1872,-0.68,1.3211,1.3284,1.333,1.3185,-0.55
"749","2017-09-14",1.1919,1.1884,1.1922,1.1837,0.28,1.3397,1.3211,1.3407,1.3162,1.41
"752","2017-09-15",1.1943,1.1919,1.1988,1.1901,0.2,1.3593,1.3398,1.3617,1.3381,1.46
"755","2017-09-18",1.1954,1.1949,1.1971,1.1915,0.09,1.3494,1.3576,1.362,1.3465,-0.73
"758","2017-09-19",1.1994,1.1955,1.2008,1.195,0.33,1.3509,1.3495,1.3553,1.3469,0.11
"761","2017-09-20",1.1893,1.1994,1.2033,1.1862,-0.84,1.3494,1.351,1.3658,1.3452,-0.11
"764","2017-09-21",1.1941,1.1894,1.1955,1.1866,0.4,1.3579,1.3493,1.3587,1.347,0.63
"767","2017-09-22",1.1954,1.1942,1.2006,1.1937,0.11,1.3493,1.3581,1.3597,1.345,-0.63
"770","2017-09-25",1.1848,1.1953,1.1962,1.1833,-0.89,1.3467,1.3493,1.3572,1.3431,-0.19
"773","2017-09-26",1.1793,1.1848,1.1863,1.1758,-0.46,1.3458,1.3467,1.3517,1.341,-0.07
"776","2017-09-27",1.1744,1.1792,1.1797,1.1717,-0.42,1.3387,1.3459,1.3464,1.3364,-0.53
"779","2017-09-28",1.1786,1.1746,1.1805,1.1721,0.36,1.3442,1.3386,1.3458,1.3343,0.41
"782","2017-09-29",1.1814,1.1787,1.1834,1.1773,0.24,1.3397,1.3441,1.3446,1.3349,-0.33
"656","2017-10-02",1.1732,1.1818,1.1818,1.173,-0.69,1.3277,1.3389,1.3404,1.3255,-0.9
"659","2017-10-03",1.1744,1.1733,1.1775,1.1696,0.1,1.3236,1.3276,1.3289,1.3222,-0.31
"662","2017-10-04",1.176,1.1743,1.1788,1.1733,0.14,1.3245,1.3236,1.3293,1.3235,0.07
"665","2017-10-05",1.1711,1.1758,1.178,1.1698,-0.42,1.3119,1.3247,1.3251,1.3107,-0.95
"668","2017-10-06",1.1734,1.171,1.1739,1.1668,0.2,1.3066,1.3119,1.3127,1.3027,-0.4
"671","2017-10-09",1.1741,1.1728,1.1758,1.1718,0.06,1.3142,1.3069,1.3185,1.3056,0.58
"674","2017-10-10",1.1806,1.1739,1.1825,1.1738,0.55,1.3204,1.3141,1.3227,1.3131,0.47
"677","2017-10-11",1.1859,1.1808,1.1871,1.1795,0.45,1.3223,1.3205,1.3236,1.3175,0.14
"680","2017-10-12",1.183,1.1862,1.1882,1.1826,-0.24,1.3262,1.3224,1.3292,1.3121,0.29
"683","2017-10-13",1.1823,1.1829,1.1875,1.1804,-0.06,1.3287,1.3262,1.3338,1.3249,0.19
"686","2017-10-16",1.1797,1.1825,1.1826,1.1781,-0.22,1.325,1.3309,1.3313,1.3225,-0.28
"689","2017-10-17",1.1766,1.1797,1.1801,1.1735,-0.26,1.3191,1.325,1.3289,1.3154,-0.45
"692","2017-10-18",1.1787,1.1764,1.1805,1.1729,0.18,1.3205,1.3191,1.3212,1.314,0.11
"695","2017-10-19",1.1852,1.1788,1.186,1.1768,0.55,1.3159,1.3206,1.323,1.3132,-0.35
"698","2017-10-20",1.1785,1.1853,1.1859,1.1763,-0.57,1.319,1.3159,1.3202,1.3087,0.24
"701","2017-10-23",1.1749,1.1773,1.1779,1.1725,-0.31,1.3197,1.3187,1.3228,1.3156,0.05
"704","2017-10-24",1.1761,1.1749,1.1794,1.1743,0.1,1.3136,1.3199,1.3229,1.3112,-0.46
"707","2017-10-25",1.1813,1.176,1.1819,1.1752,0.44,1.3264,1.3132,1.3272,1.311,0.97
"710","2017-10-26",1.165,1.1811,1.1837,1.164,-1.38,1.316,1.3264,1.3281,1.3147,-0.78
"713","2017-10-27",1.161,1.165,1.1659,1.1575,-0.34,1.3129,1.3161,1.3164,1.307,-0.24
"716","2017-10-30",1.1651,1.1603,1.166,1.1594,0.35,1.3208,1.3112,1.3216,1.3105,0.6
"719","2017-10-31",1.1646,1.1651,1.1663,1.1625,-0.04,1.3283,1.3207,1.3289,1.319,0.57
"590","2017-11-01",1.1619,1.1646,1.1659,1.1607,-0.23,1.3246,1.3282,1.3321,1.324,-0.28
"593","2017-11-02",1.1658,1.1619,1.1689,1.1613,0.34,1.3059,1.3245,1.33,1.3043,-1.41
"596","2017-11-03",1.1609,1.166,1.1692,1.1599,-0.42,1.3076,1.3059,1.3132,1.3039,0.13
"599","2017-11-06",1.161,1.1609,1.1625,1.1579,0.01,1.3172,1.3085,1.3177,1.3058,0.73
"602","2017-11-07",1.1586,1.1609,1.1618,1.1554,-0.21,1.3167,1.317,1.3179,1.3109,-0.04
"605","2017-11-08",1.1595,1.1586,1.1612,1.1579,0.08,1.3116,1.3167,1.3178,1.3087,-0.39
"608","2017-11-09",1.1642,1.1596,1.1657,1.1586,0.41,1.3151,1.3115,1.3167,1.3086,0.27
"611","2017-11-10",1.1665,1.1642,1.168,1.1623,0.2,1.3191,1.3148,1.3232,1.3113,0.3
"614","2017-11-13",1.1667,1.1666,1.1677,1.1638,0.02,1.3116,1.3183,1.3198,1.3062,-0.57
"617","2017-11-14",1.1798,1.1667,1.1807,1.166,1.12,1.3165,1.3116,1.3188,1.3075,0.37
"620","2017-11-15",1.1792,1.1797,1.1861,1.1784,-0.05,1.3171,1.3167,1.3216,1.3131,0.05
"623","2017-11-16",1.177,1.1792,1.1802,1.1756,-0.19,1.3195,1.3171,1.3209,1.3135,0.18
"626","2017-11-17",1.1795,1.1771,1.1823,1.1766,0.21,1.3214,1.3196,1.3261,1.317,0.14
"629","2017-11-20",1.1732,1.1789,1.1808,1.1721,-0.53,1.3235,1.3217,1.328,1.3184,0.16
"632","2017-11-21",1.1738,1.1732,1.1759,1.1713,0.05,1.3239,1.3236,1.327,1.3211,0.03
"635","2017-11-22",1.1822,1.1738,1.1829,1.1733,0.72,1.3326,1.3239,1.3332,1.3214,0.66
"638","2017-11-23",1.1851,1.1822,1.1857,1.1812,0.25,1.331,1.3325,1.3338,1.3284,-0.12
"641","2017-11-24",1.193,1.185,1.1945,1.1836,0.67,1.3337,1.3309,1.3361,1.3279,0.2
"644","2017-11-27",1.1898,1.1933,1.1962,1.1896,-0.27,1.3318,1.3337,1.3384,1.331,-0.14
"647","2017-11-28",1.1841,1.1898,1.1921,1.1827,-0.48,1.3338,1.3312,1.3388,1.3221,0.15
"650","2017-11-29",1.1847,1.1841,1.1884,1.1817,0.05,1.3409,1.334,1.345,1.3339,0.53
"653","2017-11-30",1.1904,1.1847,1.1933,1.1809,0.48,1.3526,1.341,1.355,1.3405,0.87
"133","2017-12-01",1.1891,1.1904,1.1942,1.1851,-0.11,1.3473,1.3525,1.3552,1.3445,-0.39
"136","2017-12-04",1.1866,1.1882,1.189,1.183,-0.21,1.3479,1.3479,1.3539,1.3417,0.04
"139","2017-12-05",1.1826,1.1866,1.1879,1.1801,-0.34,1.3443,1.3479,1.3483,1.337,-0.27
"142","2017-12-06",1.1796,1.1825,1.1849,1.178,-0.25,1.3394,1.3442,1.3449,1.3357,-0.36
"145","2017-12-07",1.1773,1.1796,1.1816,1.1772,-0.19,1.3474,1.3391,1.3485,1.3319,0.6
"148","2017-12-08",1.1764,1.1771,1.1778,1.1728,-0.08,1.3392,1.3477,1.3521,1.3355,-0.61
"151","2017-12-11",1.1768,1.1767,1.1812,1.1762,0.03,1.3339,1.3392,1.3432,1.3331,-0.4
"154","2017-12-12",1.1742,1.177,1.1794,1.1718,-0.22,1.3317,1.3339,1.3381,1.3304,-0.16
"157","2017-12-13",1.1826,1.1743,1.1832,1.1729,0.72,1.342,1.3317,1.3422,1.3311,0.77
"160","2017-12-14",1.1778,1.1826,1.1863,1.177,-0.41,1.3432,1.3418,1.3463,1.339,0.09
"163","2017-12-15",1.1754,1.1778,1.1814,1.1751,-0.2,1.3321,1.3431,1.345,1.3302,-0.83
"166","2017-12-18",1.1782,1.1753,1.1834,1.1737,0.24,1.3382,1.3328,1.342,1.331,0.46
"169","2017-12-19",1.184,1.1782,1.1851,1.1777,0.49,1.3385,1.3382,1.3403,1.3332,0.02
"172","2017-12-20",1.1871,1.184,1.1903,1.1829,0.26,1.3376,1.3386,1.3422,1.3372,-0.07
"175","2017-12-21",1.1873,1.1871,1.1889,1.1848,0.02,1.3385,1.3376,1.3389,1.3331,0.07
"178","2017-12-22",1.1859,1.1874,1.1878,1.1817,-0.12,1.3362,1.3386,1.3399,1.3349,-0.17
"181","2017-12-25",1.1869,1.185,1.1882,1.1842,0.08,1.3369,1.3357,1.3396,1.3355,0.05
"184","2017-12-26",1.1859,1.1867,1.1879,1.1845,-0.08,1.3374,1.3371,1.3391,1.3347,0.04
"187","2017-12-27",1.1888,1.1859,1.1912,1.1855,0.24,1.3397,1.3375,1.3431,1.3368,0.17
"190","2017-12-28",1.1943,1.1888,1.1961,1.1888,0.46,1.3443,1.3397,1.3458,1.3392,0.34
"193","2017-12-29",1.1998,1.1943,1.203,1.1937,0.46,1.3515,1.3444,1.3545,1.3428,0.54
"258","2018-01-01",1.201,1.2003,1.2014,1.1995,0.1,1.3503,1.3515,1.3522,1.3494,-0.09
"261","2018-01-02",1.2059,1.2013,1.2084,1.2003,0.41,1.3588,1.3507,1.3602,1.35,0.63
"263","2018-01-03",1.2014,1.2058,1.207,1.2001,-0.37,1.3516,1.3588,1.3614,1.3497,-0.53
"266","2018-01-04",1.2068,1.2015,1.209,1.2004,0.45,1.3553,1.3515,1.3562,1.3505,0.27
"269","2018-01-05",1.203,1.2068,1.2085,1.2021,-0.31,1.3571,1.3552,1.3583,1.3523,0.13
"274","2018-01-08",1.1967,1.2029,1.2054,1.1956,-0.52,1.3568,1.3572,1.3587,1.3523,-0.02
"276","2018-01-09",1.1937,1.1967,1.1977,1.1916,-0.25,1.354,1.357,1.3583,1.3506,-0.21
"278","2018-01-10",1.1947,1.1938,1.2019,1.1923,0.08,1.3507,1.3541,1.3564,1.3482,-0.24
"281","2018-01-11",1.2032,1.1946,1.206,1.1928,0.71,1.3538,1.3506,1.3556,1.3457,0.23
"284","2018-01-12",1.2187,1.2033,1.219,1.2031,1.29,1.3729,1.3538,1.3743,1.3535,1.41
"289","2018-01-15",1.2263,1.2198,1.2298,1.2188,0.62,1.3792,1.3731,1.3822,1.3723,0.46
"291","2018-01-16",1.2261,1.2265,1.2284,1.2194,-0.02,1.3793,1.3791,1.3806,1.374,0.01
"293","2018-01-17",1.2186,1.226,1.2324,1.2176,-0.61,1.3827,1.3791,1.3944,1.3757,0.25
"296","2018-01-18",1.2239,1.2186,1.2267,1.2165,0.43,1.3893,1.3831,1.3914,1.3805,0.48
"299","2018-01-19",1.2222,1.2236,1.2296,1.2219,-0.14,1.3852,1.3897,1.3947,1.384,-0.3
"304","2018-01-22",1.2262,1.2268,1.2276,1.2214,0.33,1.3987,1.3881,1.3993,1.3858,0.97
"306","2018-01-23",1.2299,1.2263,1.2308,1.2223,0.3,1.4001,1.3989,1.4028,1.3916,0.1
"308","2018-01-24",1.2408,1.2299,1.2417,1.2293,0.89,1.4243,1.3999,1.4263,1.3997,1.73
"311","2018-01-25",1.2396,1.2408,1.2537,1.2364,-0.1,1.4146,1.4244,1.4345,1.4083,-0.68
"314","2018-01-26",1.2421,1.2395,1.2495,1.2371,0.2,1.417,1.4147,1.4287,1.4109,0.17
"319","2018-01-29",1.2383,1.2427,1.2436,1.2336,-0.31,1.4075,1.4163,1.4163,1.4026,-0.67
"321","2018-01-30",1.2402,1.2383,1.2455,1.2335,0.15,1.4146,1.4074,1.4166,1.3979,0.5
"323","2018-01-31",1.2421,1.2401,1.2476,1.2386,0.15,1.4192,1.4148,1.4234,1.4121,0.33
"198","2018-02-01",1.251,1.2414,1.2524,1.2386,0.72,1.4265,1.4191,1.4278,1.4158,0.51
"201","2018-02-02",1.2462,1.2508,1.2519,1.2409,-0.38,1.4123,1.4264,1.428,1.4102,-1
"206","2018-02-05",1.2368,1.2455,1.2475,1.2362,-0.75,1.3959,1.413,1.4151,1.3955,-1.16
"208","2018-02-06",1.2377,1.2367,1.2434,1.2314,0.07,1.3948,1.396,1.4001,1.3836,-0.08
"210","2018-02-07",1.2264,1.2378,1.2407,1.2247,-0.91,1.3882,1.3949,1.3994,1.3848,-0.47
"213","2018-02-08",1.2247,1.2264,1.2297,1.2212,-0.14,1.3914,1.3879,1.4067,1.3846,0.23
"216","2018-02-09",1.2235,1.2245,1.2289,1.2206,-0.1,1.3838,1.3914,1.3989,1.3765,-0.55
"221","2018-02-12",1.2292,1.2253,1.2298,1.2234,0.47,1.3838,1.3827,1.3878,1.3797,0
"223","2018-02-13",1.2352,1.2293,1.2373,1.2285,0.49,1.3892,1.3837,1.3925,1.3832,0.39
"225","2018-02-14",1.245,1.2352,1.2467,1.2276,0.79,1.3998,1.3894,1.4018,1.3799,0.76
"228","2018-02-15",1.2506,1.2449,1.2511,1.2447,0.45,1.4099,1.4002,1.4105,1.399,0.72
"231","2018-02-16",1.2406,1.2506,1.2557,1.2394,-0.8,1.4042,1.41,1.4146,1.3998,-0.4
"236","2018-02-19",1.2408,1.2409,1.2435,1.2368,0.02,1.4005,1.4034,1.4051,1.3958,-0.26
"238","2018-02-20",1.2338,1.2409,1.2414,1.232,-0.56,1.3996,1.4005,1.4026,1.3931,-0.06
"240","2018-02-21",1.2284,1.2338,1.2361,1.2281,-0.44,1.3918,1.3996,1.4009,1.3905,-0.56
"243","2018-02-22",1.2331,1.2283,1.2354,1.226,0.38,1.3956,1.3919,1.3988,1.3857,0.27
"246","2018-02-23",1.2293,1.2329,1.2337,1.2279,-0.31,1.3967,1.3962,1.4007,1.3905,0.08
"251","2018-02-26",1.2318,1.2299,1.2356,1.2278,0.2,1.3967,1.3974,1.4071,1.3928,0
"253","2018-02-27",1.2232,1.2317,1.2348,1.2221,-0.7,1.3909,1.3967,1.3999,1.3858,-0.42
"255","2018-02-28",1.2194,1.2232,1.2243,1.2188,-0.31,1.376,1.3907,1.3916,1.3756,-1.07
"455","2018-03-01",1.2268,1.2193,1.2272,1.2153,0.61,1.3776,1.3762,1.3786,1.3712,0.12
"458","2018-03-02",1.2317,1.2266,1.2336,1.225,0.4,1.3805,1.3777,1.3819,1.3757,0.21
"462","2018-03-05",1.2336,1.2323,1.2366,1.2268,0.15,1.3849,1.3797,1.3877,1.3766,0.32
"464","2018-03-06",1.2404,1.2336,1.2422,1.2328,0.55,1.3887,1.385,1.3932,1.3817,0.27
"467","2018-03-07",1.2413,1.2404,1.2445,1.2385,0.07,1.3901,1.3887,1.3915,1.3846,0.1
"470","2018-03-08",1.2312,1.2411,1.2448,1.2298,-0.81,1.3812,1.39,1.3911,1.3782,-0.64
"473","2018-03-09",1.2307,1.2312,1.2336,1.2273,-0.04,1.3849,1.3811,1.389,1.3788,0.27
"477","2018-03-12",1.2334,1.2311,1.2347,1.2291,0.22,1.3905,1.3852,1.3918,1.3839,0.4
"479","2018-03-13",1.239,1.2334,1.2408,1.2314,0.45,1.3962,1.3906,1.3997,1.3876,0.41
"482","2018-03-14",1.2367,1.239,1.2414,1.2347,-0.19,1.3961,1.3961,1.3998,1.3926,-0.01
"485","2018-03-15",1.2305,1.2366,1.2385,1.2299,-0.5,1.3938,1.3962,1.3989,1.3921,-0.16
"488","2018-03-16",1.2289,1.2305,1.2338,1.2261,-0.13,1.3941,1.3936,1.3981,1.3886,0.02
"492","2018-03-19",1.2335,1.2284,1.2361,1.2258,0.37,1.4024,1.3931,1.4088,1.3911,0.6
"494","2018-03-20",1.2242,1.2335,1.2356,1.2239,-0.75,1.3998,1.4024,1.4067,1.3981,-0.19
"497","2018-03-21",1.2338,1.2242,1.2351,1.2241,0.78,1.4142,1.3998,1.4152,1.3997,1.03
"500","2018-03-22",1.2302,1.2337,1.2389,1.2285,-0.29,1.4096,1.4141,1.4218,1.4076,-0.33
"503","2018-03-23",1.2353,1.2302,1.2375,1.2301,0.41,1.4134,1.4096,1.4172,1.4084,0.27
"507","2018-03-26",1.2443,1.2348,1.2463,1.2341,0.73,1.4228,1.4142,1.4246,1.4132,0.67
"509","2018-03-27",1.2403,1.2444,1.2478,1.2373,-0.32,1.4157,1.4231,1.4246,1.4067,-0.5
"512","2018-03-28",1.2308,1.2403,1.2424,1.23,-0.77,1.4078,1.4154,1.4202,1.4069,-0.56
"515","2018-03-29",1.2302,1.2308,1.2335,1.2282,-0.05,1.4017,1.4077,1.4098,1.401,-0.43
"518","2018-03-30",1.2323,1.2301,1.2331,1.2293,0.17,1.4018,1.4018,1.4062,1.4009,0.01
"2","2018-04-02",1.2302,1.2323,1.2346,1.2282,-0.17,1.4045,1.4026,1.408,1.402,0.19
"4","2018-04-03",1.227,1.2304,1.2336,1.2253,-0.26,1.4059,1.4045,1.4091,1.4021,0.1
"7","2018-04-04",1.2278,1.2269,1.2315,1.2256,0.07,1.4082,1.4059,1.4098,1.4014,0.16
"10","2018-04-05",1.224,1.2278,1.2292,1.2218,-0.31,1.4003,1.4079,1.41,1.3965,-0.56
"13","2018-04-06",1.2283,1.224,1.2292,1.2214,0.35,1.4092,1.4003,1.4106,1.3982,0.64
"17","2018-04-09",1.2321,1.2279,1.2331,1.2261,0.31,1.4131,1.4098,1.4166,1.4077,0.28
"19","2018-04-10",1.2356,1.232,1.2379,1.2303,0.28,1.4175,1.4131,1.4191,1.4121,0.31
"22","2018-04-11",1.2367,1.2357,1.2397,1.2347,0.09,1.4179,1.4177,1.4224,1.4161,0.03
"25","2018-04-12",1.2327,1.2368,1.2382,1.23,-0.32,1.4227,1.4178,1.4248,1.4145,0.34
"28","2018-04-13",1.2331,1.2327,1.2348,1.2307,0.03,1.4241,1.4226,1.4298,1.422,0.1
"32","2018-04-16",1.238,1.233,1.2395,1.2325,0.4,1.4338,1.4254,1.4347,1.4227,0.68
"34","2018-04-17",1.237,1.2378,1.2413,1.2335,-0.08,1.4288,1.4336,1.4378,1.4282,-0.35
"37","2018-04-18",1.2373,1.2369,1.2398,1.2343,0.02,1.4203,1.4288,1.4316,1.4173,-0.59
"40","2018-04-19",1.2346,1.2373,1.2402,1.2329,-0.22,1.4091,1.4202,1.4246,1.4068,-0.79
"43","2018-04-20",1.2288,1.2346,1.2354,1.225,-0.47,1.4004,1.4086,1.4092,1.3994,-0.62
"47","2018-04-23",1.2209,1.2289,1.2292,1.2198,-0.64,1.3941,1.402,1.4033,1.3926,-0.45
"49","2018-04-24",1.2232,1.2209,1.2247,1.2182,0.19,1.3977,1.394,1.3989,1.3918,0.26
"52","2018-04-25",1.2161,1.2232,1.224,1.216,-0.58,1.3931,1.3979,1.3998,1.3923,-0.33
"55","2018-04-26",1.2103,1.2161,1.2211,1.2096,-0.48,1.3916,1.3933,1.3999,1.3895,-0.11
"58","2018-04-27",1.213,1.2105,1.2135,1.2055,0.22,1.378,1.392,1.3937,1.3747,-0.98
"62","2018-04-30",1.2079,1.2125,1.2141,1.2064,-0.42,1.3772,1.3787,1.3795,1.3714,-0.06
"522","2018-05-01",1.1993,1.2076,1.2086,1.1981,-0.71,1.3614,1.3762,1.3776,1.3589,-1.15
"525","2018-05-02",1.1951,1.1992,1.2033,1.1938,-0.35,1.3578,1.3614,1.3668,1.3554,-0.26
"528","2018-05-03",1.1988,1.1951,1.2009,1.1946,0.31,1.3576,1.358,1.3631,1.3537,-0.01
"531","2018-05-04",1.196,1.1989,1.1997,1.1911,-0.23,1.3533,1.3577,1.3588,1.3487,-0.32
"535","2018-05-07",1.1922,1.1953,1.198,1.1898,-0.32,1.3557,1.3536,1.3577,1.3515,0.18
"537","2018-05-08",1.1864,1.1924,1.1941,1.1838,-0.49,1.3546,1.3557,1.3593,1.3484,-0.08
"540","2018-05-09",1.185,1.1863,1.1898,1.1822,-0.12,1.3546,1.3546,1.3608,1.3498,0
"543","2018-05-10",1.1915,1.1852,1.1948,1.1843,0.55,1.3517,1.3544,1.3618,1.3458,-0.21
"546","2018-05-11",1.1944,1.1917,1.197,1.1891,0.24,1.3543,1.352,1.3598,1.3502,0.19
"550","2018-05-14",1.1927,1.1947,1.1998,1.1926,-0.14,1.3556,1.3547,1.361,1.3538,0.1
"552","2018-05-15",1.1838,1.1925,1.1939,1.1817,-0.75,1.3506,1.3558,1.3575,1.3452,-0.37
"555","2018-05-16",1.1807,1.1837,1.1854,1.1762,-0.26,1.3488,1.3506,1.3523,1.3456,-0.13
"558","2018-05-17",1.1795,1.1808,1.1839,1.1775,-0.1,1.3517,1.3489,1.3571,1.3473,0.22
"561","2018-05-18",1.1778,1.1796,1.1825,1.1749,-0.14,1.3474,1.3518,1.3531,1.3455,-0.32
"565","2018-05-21",1.1791,1.1764,1.1797,1.1717,0.11,1.3431,1.3473,1.3485,1.3392,-0.32
"567","2018-05-22",1.1779,1.1792,1.183,1.1754,-0.1,1.3436,1.3431,1.3493,1.3412,0.04
"570","2018-05-23",1.1697,1.1778,1.179,1.1675,-0.7,1.3349,1.3437,1.3444,1.3305,-0.65
"573","2018-05-24",1.172,1.1695,1.175,1.1688,0.2,1.3381,1.3346,1.3423,1.3339,0.24
"576","2018-05-25",1.1652,1.172,1.1735,1.1645,-0.58,1.3309,1.338,1.3393,1.3294,-0.54
"580","2018-05-28",1.1623,1.1651,1.1729,1.1605,-0.25,1.3314,1.3308,1.3342,1.3296,0.04
"582","2018-05-29",1.154,1.1625,1.1641,1.1508,-0.71,1.3254,1.3312,1.3328,1.3205,-0.45
"585","2018-05-30",1.1663,1.154,1.1678,1.1518,1.07,1.3292,1.3251,1.331,1.3242,0.29
"588","2018-05-31",1.1692,1.1665,1.1726,1.1641,0.25,1.33,1.329,1.335,1.3277,0.06
"390","2018-06-01",1.1661,1.1691,1.1718,1.1617,-0.27,1.3348,1.3299,1.3363,1.3252,0.36
"798","2018-06-03",0,0,0,0,0,1.3353,1.3344,1.3357,1.3339,0.04
"394","2018-06-04",1.1699,1.1656,1.1744,1.1652,0.33,1.3313,1.3337,1.34,1.3294,-0.3
"396","2018-06-05",1.1718,1.1698,1.1733,1.1652,0.16,1.3397,1.3314,1.3412,1.3302,0.63
"399","2018-06-06",1.1773,1.1717,1.1797,1.1708,0.47,1.3413,1.3396,1.3445,1.3383,0.12
"402","2018-06-07",1.1799,1.1774,1.1842,1.1772,0.22,1.3422,1.3413,1.3474,1.3374,0.07
"405","2018-06-08",1.1768,1.18,1.1812,1.1726,-0.26,1.3412,1.3421,1.3439,1.3354,-0.07
"799","2018-06-10",0,0,0,0,0,1.3413,1.3405,1.3416,1.3405,0.01
"409","2018-06-11",1.1784,1.1766,1.1822,1.1754,0.14,1.3375,1.3404,1.3443,1.3345,-0.28
"411","2018-06-12",1.1745,1.1784,1.1811,1.1733,-0.33,1.3372,1.3382,1.3426,1.3342,-0.02
"414","2018-06-13",1.1791,1.1745,1.1803,1.1725,0.39,1.3376,1.3373,1.3392,1.3308,0.03
"417","2018-06-14",1.1569,1.1791,1.1853,1.1562,-1.88,1.3262,1.3375,1.3447,1.3256,-0.85
"420","2018-06-15",1.1609,1.1568,1.1629,1.1543,0.35,1.3285,1.3262,1.3299,1.3212,0.17
"800","2018-06-17",0,0,0,0,0,1.3276,1.3266,1.3282,1.3266,-0.07
"424","2018-06-18",1.1623,1.1609,1.1625,1.1563,0.12,1.3244,1.3262,1.3287,1.3225,-0.24
"426","2018-06-19",1.159,1.1624,1.1646,1.153,-0.28,1.318,1.3244,1.3275,1.315,-0.48
"429","2018-06-20",1.1572,1.159,1.1602,1.1537,-0.16,1.3173,1.3174,1.3217,1.3148,-0.05
"432","2018-06-21",1.1603,1.1572,1.1635,1.1509,0.27,1.3252,1.3176,1.3271,1.3101,0.6
"435","2018-06-22",1.1657,1.1604,1.1677,1.16,0.47,1.327,1.3252,1.3316,1.3236,0.14
"801","2018-06-24",0,0,0,0,0,1.3262,1.3255,1.3272,1.3255,-0.06
"439","2018-06-25",1.1704,1.1659,1.1715,1.1627,0.4,1.3277,1.3276,1.3292,1.3222,0.11
"441","2018-06-26",1.1647,1.1704,1.1722,1.1635,-0.49,1.3228,1.3284,1.3294,1.3192,-0.37
"444","2018-06-27",1.1554,1.1647,1.1674,1.1541,-0.8,1.3113,1.3229,1.3245,1.3107,-0.87
"447","2018-06-28",1.1569,1.1555,1.1602,1.1527,0.13,1.3078,1.3114,1.3123,1.305,-0.27
"450","2018-06-29",1.1685,1.1569,1.1692,1.1558,1,1.3209,1.3077,1.3215,1.3068,1
"793","2018-07-01",0,0,0,0,0,1.3209,1.3186,1.3209,1.3186,0
"325","2018-07-02",1.1641,1.1651,1.1699,1.159,-0.38,1.3143,1.3182,1.3211,1.3094,-0.5
"327","2018-07-03",1.1657,1.1641,1.1675,1.1621,0.14,1.3193,1.3143,1.3208,1.3115,0.38
"330","2018-07-04",1.1656,1.1658,1.1684,1.1629,-0.01,1.3233,1.3196,1.3252,1.3171,0.3
"333","2018-07-05",1.1691,1.1655,1.1722,1.1649,0.3,1.3227,1.323,1.3276,1.3203,-0.05
"336","2018-07-06",1.1747,1.169,1.1769,1.1679,0.48,1.3285,1.3228,1.3293,1.3203,0.44
"794","2018-07-08",0,0,0,0,0,1.3295,1.3318,1.3321,1.3287,0.08
"340","2018-07-09",1.1751,1.1748,1.1792,1.1731,0.03,1.3259,1.3304,1.3364,1.319,-0.27
"342","2018-07-10",1.1744,1.1751,1.1764,1.169,-0.06,1.3276,1.326,1.3302,1.3224,0.13
"345","2018-07-11",1.1674,1.1745,1.176,1.1665,-0.6,1.3205,1.3278,1.3288,1.3199,-0.53
"348","2018-07-12",1.1672,1.1674,1.1697,1.1648,-0.02,1.3206,1.3205,1.3246,1.318,0.01
"351","2018-07-13",1.1685,1.1669,1.1688,1.161,0.11,1.3235,1.3207,1.3241,1.3103,0.22
"795","2018-07-15",0,0,0,0,0,1.3228,1.3232,1.3242,1.3217,-0.05
"355","2018-07-16",1.171,1.1676,1.1726,1.1674,0.21,1.3236,1.323,1.3295,1.3216,0.06
"357","2018-07-17",1.1661,1.1711,1.1746,1.165,-0.42,1.3115,1.3236,1.3271,1.3072,-0.91
"360","2018-07-18",1.1639,1.166,1.1665,1.1601,-0.19,1.3069,1.3114,1.3124,1.3009,-0.35
"363","2018-07-19",1.1643,1.1639,1.168,1.1574,0.03,1.3014,1.3069,1.3085,1.2957,-0.42
"366","2018-07-20",1.172,1.1644,1.174,1.1626,0.66,1.3134,1.3014,1.3141,1.2994,0.92
"796","2018-07-22",0,0,0,0,0,1.3146,1.3124,1.3148,1.3121,0.09
"370","2018-07-23",1.1692,1.173,1.1752,1.1682,-0.24,1.3102,1.3122,1.3159,1.3081,-0.33
"372","2018-07-24",1.1686,1.1692,1.1719,1.1654,-0.05,1.3145,1.3101,1.3161,1.3071,0.33
"375","2018-07-25",1.1728,1.1684,1.1739,1.1663,0.36,1.3189,1.3144,1.3202,1.3132,0.33
"378","2018-07-26",1.1643,1.1728,1.1744,1.1639,-0.72,1.3109,1.3191,1.3215,1.3105,-0.61
"381","2018-07-27",1.1658,1.1643,1.1665,1.1621,0.13,1.3104,1.3109,1.3133,1.3081,-0.04
"797","2018-07-29",0,0,0,0,0,1.311,1.3115,1.3121,1.3104,0.05
"385","2018-07-30",1.1706,1.166,1.1721,1.1648,0.41,1.3133,1.3095,1.3154,1.3093,0.18
"387","2018-07-31",1.1691,1.1706,1.1745,1.1682,-0.13,1.3127,1.3134,1.3175,1.3091,-0.05
"65","2018-08-01",1.166,1.1691,1.1701,1.1656,-0.27,1.3126,1.3127,1.3146,1.3095,-0.01
"68","2018-08-02",1.1584,1.166,1.1669,1.1582,-0.65,1.3018,1.3124,1.3131,1.3014,-0.82
"71","2018-08-03",1.1567,1.1583,1.1611,1.1559,-0.15,1.3008,1.3019,1.3045,1.2975,-0.08
"784","2018-08-05",0,0,0,0,0,1.3002,1.3012,1.3014,1.3,-0.05
"75","2018-08-06",1.1554,1.1571,1.1574,1.1527,-0.11,1.2943,1.3012,1.3019,1.2919,-0.45
"77","2018-08-07",1.1599,1.1555,1.161,1.1547,0.39,1.2939,1.2943,1.2975,1.2925,-0.03
"80","2018-08-08",1.1611,1.1598,1.1629,1.1571,0.1,1.2881,1.2938,1.2963,1.2853,-0.45
"83","2018-08-09",1.1527,1.1609,1.162,1.1525,-0.72,1.2824,1.2881,1.2913,1.282,-0.44
"86","2018-08-10",1.1411,1.1526,1.1537,1.1384,-1.01,1.2769,1.2824,1.2838,1.2723,-0.43
"785","2018-08-12",0,0,0,0,0,1.276,1.2751,1.278,1.2744,-0.07
"90","2018-08-13",1.1409,1.1389,1.1434,1.1364,-0.02,1.2768,1.2768,1.2793,1.2729,0.06
"92","2018-08-14",1.1344,1.141,1.1431,1.133,-0.57,1.2725,1.2771,1.2827,1.2704,-0.34
"95","2018-08-15",1.1345,1.1344,1.1357,1.1299,0.01,1.2698,1.2727,1.2742,1.2662,-0.21
"98","2018-08-16",1.1377,1.1345,1.1411,1.1335,0.28,1.2719,1.2696,1.2756,1.2687,0.17
"101","2018-08-17",1.1439,1.1377,1.1447,1.1365,0.54,1.2752,1.2716,1.2755,1.2698,0.26
"786","2018-08-19",0,0,0,0,0,1.2746,1.2747,1.2751,1.2742,-0.05
"105","2018-08-20",1.1481,1.1442,1.1486,1.1394,0.37,1.2798,1.274,1.2801,1.273,0.41
"107","2018-08-21",1.1571,1.1482,1.1602,1.1479,0.78,1.2901,1.2796,1.2928,1.2793,0.8
"110","2018-08-22",1.1597,1.157,1.1624,1.1551,0.22,1.2911,1.2905,1.2938,1.2868,0.08
"113","2018-08-23",1.1539,1.1596,1.1601,1.153,-0.5,1.2812,1.2912,1.292,1.2804,-0.77
"116","2018-08-24",1.1623,1.154,1.1641,1.1533,0.73,1.2845,1.2815,1.2883,1.2799,0.26
"787","2018-08-26",0,0,0,0,0,1.2858,1.2843,1.2864,1.2837,0.1
"120","2018-08-27",1.1678,1.1631,1.1694,1.1592,0.47,1.2893,1.284,1.2903,1.2829,0.27
"122","2018-08-28",1.1695,1.1678,1.1735,1.1662,0.15,1.2877,1.2893,1.2933,1.2861,-0.12
"125","2018-08-29",1.1708,1.1695,1.1712,1.1652,0.11,1.3027,1.2876,1.3034,1.2846,1.16
"128","2018-08-30",1.1671,1.1707,1.172,1.1641,-0.32,1.301,1.3027,1.3045,1.2985,-0.13
"131","2018-08-31",1.1601,1.1671,1.1692,1.1585,-0.6,1.2963,1.3014,1.3031,1.2947,-0.36
"810","2018-09-02",0,0,0,0,0,1.2921,1.2921,1.2931,1.2915,-0.32
"724","2018-09-03",1.1624,1.1596,1.1629,1.1583,0.2,1.2872,1.2971,1.2971,1.2854,-0.38
"726","2018-09-04",1.1582,1.1623,1.1629,1.1528,-0.36,1.2856,1.2867,1.2884,1.2811,-0.12
"729","2018-09-05",1.1629,1.1581,1.164,1.1542,0.41,1.2904,1.2854,1.2984,1.2785,0.37
"732","2018-09-06",1.1622,1.1629,1.166,1.1603,-0.06,1.2932,1.2905,1.2963,1.2895,0.22
"735","2018-09-07",1.1553,1.1624,1.1651,1.155,-0.59,1.2924,1.2933,1.3031,1.291,-0.06
"811","2018-09-09",0,0,0,0,0,1.2929,1.2926,1.2929,1.2916,0.04
"739","2018-09-10",1.1594,1.156,1.1617,1.1526,0.35,1.3027,1.2935,1.3053,1.2896,0.76
"741","2018-09-11",1.1607,1.1594,1.1645,1.1565,0.11,1.3035,1.3027,1.3089,1.297,0.06
"744","2018-09-12",1.1626,1.1604,1.1651,1.157,0.16,1.3048,1.3033,1.3081,1.298,0.1
"747","2018-09-13",1.169,1.1627,1.1703,1.1608,0.55,1.3107,1.3047,1.3123,1.3026,0.45
"750","2018-09-14",1.163,1.169,1.1724,1.1619,-0.51,1.3068,1.3107,1.3143,1.3055,-0.3
"812","2018-09-16",0,0,0,0,0,1.3071,1.307,1.3077,1.307,0.02
"754","2018-09-17",1.1683,1.1623,1.1699,1.1617,0.46,1.3158,1.3069,1.3168,1.3069,0.67
"756","2018-09-18",1.1667,1.1684,1.1726,1.1651,-0.14,1.3149,1.3158,1.3174,1.3118,-0.07
"759","2018-09-19",1.1673,1.1667,1.1716,1.1648,0.05,1.3144,1.315,1.3216,1.3095,-0.04
"762","2018-09-20",1.1777,1.1671,1.1786,1.1665,0.89,1.3267,1.3144,1.3299,1.3135,0.94
"765","2018-09-21",1.175,1.1776,1.1804,1.1731,-0.23,1.3077,1.3268,1.3278,1.3054,-1.43
"813","2018-09-23",0,0,0,0,0,1.3079,1.3078,1.3085,1.3071,0.02
"769","2018-09-24",1.1748,1.1751,1.1817,1.1723,-0.02,1.3121,1.3069,1.3169,1.3055,0.32
"771","2018-09-25",1.1772,1.1748,1.1793,1.173,0.2,1.3183,1.3121,1.3195,1.3094,0.47
"774","2018-09-26",1.174,1.1767,1.1799,1.1726,-0.27,1.317,1.3185,1.3219,1.3138,-0.1
"777","2018-09-27",1.1641,1.174,1.1759,1.1637,-0.84,1.3082,1.3168,1.3188,1.3075,-0.67
"780","2018-09-28",1.1609,1.1641,1.1652,1.1567,-0.27,1.3031,1.3081,1.3093,1.3,-0.39
"814","2018-09-30",0,0,0,0,0,1.3039,1.3043,1.3043,1.303,0.06
"655","2018-10-01",1.1578,1.1609,1.163,1.1563,-0.27,1.3043,1.3031,1.3112,1.3011,0.03
"657","2018-10-02",1.1548,1.1578,1.1582,1.1506,-0.26,1.2979,1.3044,1.3057,1.294,-0.49
"660","2018-10-03",1.1478,1.1548,1.1595,1.1465,-0.61,1.294,1.2979,1.3024,1.2924,-0.3
"663","2018-10-04",1.1515,1.1478,1.1543,1.1464,0.32,1.302,1.2941,1.3042,1.2921,0.62
"666","2018-10-05",1.1524,1.1513,1.155,1.1483,0.08,1.3123,1.3019,1.3126,1.3002,0.79
"806","2018-10-07",0,0,0,0,0,1.3127,1.3124,1.3129,1.3109,0.03
"670","2018-10-08",1.1492,1.152,1.1536,1.1459,-0.28,1.309,1.3108,1.3136,1.3028,-0.28
"672","2018-10-09",1.149,1.1491,1.1504,1.143,-0.02,1.3144,1.3091,1.3152,1.3032,0.41
"675","2018-10-10",1.152,1.1491,1.1547,1.1479,0.26,1.3196,1.3143,1.3217,1.3134,0.4
"678","2018-10-11",1.1594,1.1519,1.16,1.1517,0.64,1.3236,1.3196,1.3249,1.3182,0.3
"681","2018-10-12",1.1563,1.1592,1.1611,1.1534,-0.27,1.3155,1.3225,1.3259,1.3149,-0.61
"807","2018-10-14",0,0,0,0,0,1.3103,1.3086,1.311,1.3085,-0.4
"685","2018-10-15",1.1579,1.1559,1.1608,1.1537,0.14,1.3153,1.314,1.3183,1.3079,0.38
"687","2018-10-16",1.1575,1.158,1.1623,1.1564,-0.03,1.3187,1.3153,1.3237,1.3141,0.26
"690","2018-10-17",1.1501,1.1575,1.1585,1.1495,-0.64,1.3115,1.3183,1.3194,1.31,-0.55
"693","2018-10-18",1.1453,1.15,1.1528,1.1448,-0.42,1.3018,1.3113,1.3132,1.3015,-0.74
"696","2018-10-19",1.1515,1.1451,1.1536,1.1433,0.54,1.3072,1.3017,1.3104,1.3011,0.41
"808","2018-10-21",0,0,0,0,0,1.3066,1.3075,1.3075,1.3063,-0.05
"700","2018-10-22",1.1465,1.1507,1.1552,1.1455,-0.43,1.2962,1.3069,1.3092,1.2954,-0.8
"702","2018-10-23",1.1471,1.1466,1.1495,1.1438,0.05,1.2983,1.2964,1.3045,1.2936,0.16
"705","2018-10-24",1.1392,1.147,1.1477,1.1378,-0.69,1.2881,1.2982,1.2993,1.2866,-0.79
"708","2018-10-25",1.1376,1.1392,1.1434,1.1355,-0.14,1.2817,1.2883,1.2921,1.2798,-0.5
"711","2018-10-26",1.1403,1.1376,1.1422,1.1334,0.24,1.2833,1.2817,1.2844,1.2777,0.12
"809","2018-10-28",0,0,0,0,0,1.2831,1.2825,1.2835,1.2824,-0.02
"715","2018-10-29",1.1373,1.1408,1.1418,1.1361,-0.26,1.2793,1.2829,1.2854,1.2792,-0.3
"717","2018-10-30",1.1344,1.1372,1.1387,1.1338,-0.25,1.2707,1.2793,1.2814,1.2696,-0.67
"720","2018-10-31",1.1312,1.1345,1.1363,1.1301,-0.28,1.2766,1.2705,1.2831,1.2697,0.46
"591","2018-11-01",1.1409,1.1311,1.1426,1.1306,0.86,1.3011,1.2769,1.3036,1.2759,1.92
"594","2018-11-02",1.1387,1.1408,1.1458,1.1372,-0.19,1.2973,1.3012,1.3042,1.2951,-0.29
"802","2018-11-04",0,0,0,0,0,1.3006,1.3024,1.3024,1.3,0.25
"598","2018-11-05",1.1407,1.1391,1.1425,1.1356,0.18,1.3042,1.3025,1.3064,1.2965,0.28
"600","2018-11-06",1.1427,1.1406,1.144,1.1389,0.18,1.3098,1.304,1.3109,1.302,0.43
"603","2018-11-07",1.1426,1.1427,1.1502,1.1395,-0.01,1.3126,1.3102,1.3176,1.3073,0.21
"606","2018-11-08",1.1363,1.1425,1.1448,1.1352,-0.55,1.3061,1.3126,1.315,1.3043,-0.5
"609","2018-11-09",1.1336,1.1364,1.1371,1.1315,-0.24,1.2976,1.3062,1.3081,1.2958,-0.65
"803","2018-11-11",0,0,0,0,0,1.2938,1.2914,1.2938,1.2914,-0.29
"613","2018-11-12",1.1218,1.1331,1.1333,1.1214,-1.04,1.2849,1.296,1.2967,1.2827,-0.69
"615","2018-11-13",1.1291,1.1219,1.1296,1.1216,0.65,1.2974,1.2849,1.305,1.284,0.97
"618","2018-11-14",1.131,1.129,1.1349,1.1262,0.17,1.2996,1.2979,1.3074,1.2886,0.17
"621","2018-11-15",1.1328,1.1309,1.1364,1.1271,0.16,1.2776,1.2991,1.3031,1.2724,-1.69
"624","2018-11-16",1.142,1.133,1.1423,1.132,0.81,1.2839,1.2772,1.2879,1.2758,0.49
"804","2018-11-18",0,0,0,0,0,1.2835,1.2847,1.2847,1.2827,-0.03
"628","2018-11-19",1.1453,1.1403,1.1467,1.1393,0.29,1.2851,1.2829,1.2885,1.2795,0.12
"630","2018-11-20",1.1371,1.1453,1.1473,1.1357,-0.72,1.2788,1.2851,1.2884,1.2776,-0.49
"633","2018-11-21",1.1385,1.1371,1.1426,1.1363,0.12,1.2777,1.2789,1.2821,1.2764,-0.09
"636","2018-11-22",1.1408,1.1382,1.1434,1.1378,0.2,1.2878,1.2776,1.2928,1.2769,0.79
"639","2018-11-23",1.1341,1.1403,1.1422,1.1325,-0.59,1.2814,1.2879,1.2884,1.2799,-0.5
"805","2018-11-25",0,0,0,0,0,1.2813,1.2826,1.2829,1.2812,-0.01
"643","2018-11-26",1.1328,1.1343,1.1385,1.1323,-0.11,1.2834,1.2853,1.2865,1.2795,0.16
"645","2018-11-27",1.1288,1.1326,1.1344,1.1276,-0.35,1.275,1.2835,1.2836,1.2726,-0.65
"648","2018-11-28",1.1366,1.1291,1.1387,1.1264,0.69,1.2825,1.2746,1.2848,1.2731,0.59
"651","2018-11-29",1.1393,1.1367,1.1403,1.1348,0.24,1.2794,1.2825,1.2853,1.2755,-0.24
"654","2018-11-30",1.1317,1.1395,1.1402,1.1304,-0.67,1.2752,1.2792,1.2811,1.2734,-0.33
"788","2018-12-02",0,0,0,0,0,1.2752,1.2746,1.2752,1.2734,0
"135","2018-12-03",1.1354,1.1315,1.1382,1.1315,0.33,1.2724,1.2769,1.2826,1.2699,-0.22
"137","2018-12-04",1.1345,1.1354,1.1421,1.1318,-0.08,1.272,1.2725,1.2841,1.2659,-0.03
"140","2018-12-05",1.1344,1.1342,1.1361,1.1309,-0.01,1.2733,1.2725,1.2799,1.2671,0.1
"143","2018-12-06",1.1376,1.1345,1.1414,1.1321,0.28,1.2785,1.2733,1.2812,1.27,0.41
"146","2018-12-07",1.1378,1.1377,1.1425,1.1359,0.02,1.2729,1.2785,1.2812,1.2711,-0.44
"789","2018-12-09",0,0,0,0,0,1.2719,1.2705,1.2726,1.2704,-0.08
"150","2018-12-10",1.1356,1.1401,1.1444,1.1349,-0.19,1.2561,1.2729,1.276,1.2507,-1.24
"152","2018-12-11",1.1316,1.1361,1.1402,1.1304,-0.35,1.2486,1.2563,1.264,1.248,-0.6
"155","2018-12-12",1.1368,1.1317,1.1388,1.1312,0.46,1.2631,1.2489,1.2673,1.2477,1.16
"158","2018-12-13",1.1363,1.1369,1.1396,1.133,-0.04,1.2657,1.2635,1.2688,1.2611,0.21
"161","2018-12-14",1.1309,1.1362,1.1374,1.1268,-0.48,1.2584,1.2655,1.2675,1.2528,-0.58
"790","2018-12-16",0,0,0,0,0,1.2584,1.2603,1.2603,1.2576,0
"165","2018-12-17",1.1347,1.1308,1.136,1.1299,0.34,1.2627,1.2591,1.2648,1.2569,0.34
"167","2018-12-18",1.1361,1.1346,1.1402,1.1336,0.12,1.2647,1.2625,1.2708,1.2611,0.16
"170","2018-12-19",1.1377,1.1361,1.1442,1.136,0.14,1.261,1.2641,1.2681,1.2608,-0.29
"173","2018-12-20",1.1446,1.1377,1.1487,1.1371,0.61,1.2657,1.2611,1.2709,1.2609,0.37
"176","2018-12-21",1.1369,1.1447,1.1477,1.1353,-0.67,1.2631,1.2658,1.2698,1.2617,-0.21
"791","2018-12-23",0,0,0,0,0,1.2651,1.2647,1.2651,1.2641,0.16
"180","2018-12-24",1.14,1.137,1.1439,1.135,0.27,1.2724,1.2652,1.2744,1.263,0.58
"182","2018-12-25",1.1362,1.14,1.1429,1.1361,-0.33,1.2687,1.2726,1.273,1.2666,-0.29
"185","2018-12-26",1.1353,1.1363,1.1423,1.1342,-0.08,1.2634,1.2675,1.2721,1.2631,-0.42
"188","2018-12-27",1.143,1.1353,1.1457,1.1349,0.68,1.2644,1.2632,1.2676,1.2616,0.08
"191","2018-12-28",1.1438,1.1429,1.1478,1.1424,0.07,1.2707,1.2644,1.2712,1.2635,0.5
"792","2018-12-30",0,0,0,0,0,1.269,1.27,1.2704,1.2689,-0.13
"195","2018-12-31",1.147,1.1443,1.147,1.1421,0.28,1.2759,1.2683,1.2816,1.268,0.54
"259","2019-01-01",1.1464,1.1466,1.1481,1.1425,-0.05,1.2752,1.276,1.2764,1.2725,-0.05
